id,title,price,procity,realSales,shopName,url,img,tmall,img_list,attriName1,attriListName,attriListImg,attriName2,attriListSize,attriName3,attriListMode,attriName4,attriListType,shopRating,extraPrice
760933342644,蜻蜓牌真皮牛皮皮鞋男士英伦风正装皮鞋厚底防滑中年单鞋,118.00,浙江 温州,100+,蜻蜓牌男士鞋类专柜店,http://click.simba.taobao.com/cc_im?p=%C6%A4%D0%AC&s=1123531929&clk1=6d5c00012a0c4080143c7a85f57413bf&k=1677&e=rXzXEBhrVIT6lnRyDVmmSrmOqdBO2AgAej70qTlix06UBZC3%2FOBzIryQxV5Vw7rj7%2BIFkasXFihp2kvThOVf%2FnMhYkqOIcu5EZGBfCbYHy%2Bcjfduzy1%2BAnLJZua2IkDUKn2qKgT5yvshgnNNOgERNuuxCekeFkir6RWSDnTQGaFVF6zpaMU2CtCpq7M57yiCDZHJ7swAtL7LwzSKzmn44Brq4%2B2rZs5bYJuMVd0t2nPnWArCTRfm%2B%2Fb5Yyhkl23L7RlW6JrF88MSVrcmPr%2BjxRKRe3RKxwQUTGlZQ4%2BGMAE%2BuntyNUXlQR212BOxuyGBYq66A14KglGt3cWrZp7LVN6zlQRgqYYO73ZvuW4O6dWFBMwvRVXET5Q2oxroMv7%2BCac6VXBcbsI4%2B27u7HtaiMAOSuWok2QWK3fbN0FTwRoz0%2Fi9mY8IpiUuDis9Fpn2EDqKLWBXAyuNaRQzp7pcpcLBfcz78sdTk07qBhEGogyyXQuWF2B0kc0LpcEWRoCHXSmKw929cZHspjA5XfpYoau6%2B6kpIrvoeVdC76Q0f9Y0d0w1xoxLHmYz2%2F%2Bqs8BrRCiodp5LvzxwNTyTRpyPN%2Ff2kY8Mx1Usb3RKZ7vAiahIvZ64XJNUlI7IQAT98qulZJzKGsGAK2x5doiIqCkEZ4jGWehIdLBLGpFUQu5%2F%2BOBafGhabEV2IQChsKHBiehM%2BQsncx7yYIF2UuJQlKM736kz%2FaPRif02M5%2BEJLDbTwJaTtVsazjtPTmR56lYquR1bnUgYICl5kqrK%2BG%2FIOBvZAklugODeN6S5TTCENTZK%2B%2Fx1g9n1H0yByYH2oFuQgzTeEcMFtQRe06nwelamOpi6pcCyLzsRE%2B1r09Zdpdhow2nqkLWTjgZeq1xi4Wj663TEUVjqW613SevNwEeRC06vXn53UgOSo4Q5pIGmb2FmuDgGgKJQcSaTTP7OMQXhiRzVQUs6Lh2jBhmbQGWvIg8Xukc97cO67GYY27pvhYuTE2ATKnaNCh9H5wOp0EymxBJRzVKAn5Jh52wBt%2FU0SgP1dmeHqEEYjaqgsmTxYtDRiQLtjrvZvs5EFBv7I3tiMeRNBUVntVCyCcbZQCk8xcBe0TpxIfdmW8tjWkUM6e6XKX%2BIWDYYFbJzNGxH8cilxvnQcGCTVUpC4WeNysONcI3Gex4cs69uh3%2BbQ2CXFEMt99TWLFcrVa69VweAYgQfNMrI0Sw1Y%2BjmucXuRuI4I3Ekt1E539F1K9z0fqlUxg1uhqTRkEtn7A3k6pAuVARzjNZq%2B6Lzx8PTp7zBTjFajbRr5GgaRILc%2Ff7qkC5UBHOM1mnn7hMjSAltIzBU%2Bvx3J730lCKQ1WGwD8NXRnwTQjyKnkDIZef5w3%2FMDu%2BQeIW4sWFYU7%2FHASAmVBL4ikVCwb4q%2FVA8vyGrvy4T5ldGqp4DNXsPUf6nTlxHGkYc5Oq4JBgh%2F2mZSIdBBKrpQKtqXslnNvrOYAIszLIoo44XW0FAYEPlAc1k89ZCLPbHyFRf%2BPzp7KShK%2BdxIxATX5PJOy1Y5tpOsDoQ4XB26dYU9ZKhZZOZKwz5B%2F5IR%2B2ltv20OIw2BRw7QG3y4rF6ihHIgqZuv2MZZkKFKAAcjgRt7SOMx2Umn1hNUcwOwFx7RxBWSGy4mRTddtaUjnzNp%2BfH031A2digst5TGk%3D,http://g.search2.alicdn.com/img/i2/3271393763/O1CN01ogWyIC1dfVOI8IYGl_!!0-saturn_solar.jpg,False,"https://img.alicdn.com/imgextra/i3/2214311749275/O1CN01vXwEII2IO0QV59Npk_!!2214311749275.jpg, https://img.alicdn.com/imgextra/i4/2214311749275/O1CN01zeuKw52IO0QTGmpyE_!!2214311749275.jpg, https://img.alicdn.com/imgextra/i4/2214311749275/O1CN01PzJ8Nz2IO0QTGnF82_!!2214311749275.jpg, https://img.alicdn.com/imgextra/i4/2214311749275/O1CN01MD6Ep02IO0QNmHvk8_!!2214311749275.jpg, https://img.alicdn.com/imgextra/i3/2214311749275/O1CN01uamCGT2IO0QTcHWdz_!!2214311749275.png",颜色分类,"9908-棕色-单鞋, 9908-黑色-单鞋","https://gw.alicdn.com/bao/uploaded/i3/2214311749275/O1CN01vXwEII2IO0QV59Npk_!!2214311749275.jpg, https://gw.alicdn.com/bao/uploaded/i4/2214311749275/O1CN01zeuKw52IO0QTGmpyE_!!2214311749275.jpg",尺码,"38, 39, 40, 41, 42, 43, 44",,,,,4.8,118.00
739143641092,鞋子女鞋高帮老人冬季棉鞋老北京布鞋女款加绒加厚保暖防滑妈妈鞋,232.00,山东 菏泽,2000+,艾丝莉旗舰店,http://click.simba.taobao.com/cc_im?p=%C6%A4%D0%AC&s=1123531929&clk1=6d5c00012a0c4080143c7a85f57413bf&k=1657&e=ikO6GiIUtfP6lnRyDVmmSrmOqdBO2AgAej70qTlix06UBZC3%2FOBzIryQxV5Vw7rj7%2BIFkasXFihUZNbr8lMiVSL7v0yGRbAJeFobfIetNcGcjfduzy1%2BAnLJZua2IkDUKn2qKgT5yvshgnNNOgERNuuxCekeFkir6RWSDnTQGaFVF6zpaMU2CtCpq7M57yiCDZHJ7swAtL7LwzSKzmn44Brq4%2B2rZs5bYJuMVd0t2nPnWArCTRfm%2B%2Fb5Yyhkl23L7RlW6JrF88MSVrcmPr%2BjxRKRe3RKxwQUTGlZQ4%2BGMAE%2BuntyNUXlQR212BOxuyGBYq66A14KglGt3cWrZp7LVN6zlQRgqYYO1fL%2BUuuckzu5%2F1T2ltaX3pFVSHcs%2F7wtOsBioC6l3CRnX4BUkvm0yoAYfv47YOou%2FTdonTiVaSvQ53CBpL8HkLPwJWPibnrmLrLU9wmaByqTMP3G1qO07wsXFbWeQn54PnBUBKir7W1qA%2FcGZIttevvBlzpEq0%2BhTXR991OaJVMl%2Bc0gomA31CrtYO5BeK6LsACLWXzConR5HmRE7Ro9HPJzg1O426Bgj9zS12kZsMF8zf0ZGsSpI6IUeOo62gQG1dz74qANE2IX6nfFgSZcmq%2FLPZmnCmIB2%2FNd%2B4KCM1WsYdLe0fXRqTX8RjESwlxaLi2cMiZvws6KMgOmQO4zNWJrsery%2FTbjkmrfLiI3kp2fBXG%2BYykjV59NKpcZzaSi43Fxk81%2FfWsNCyfkC8L4IWQYa0jRaRyjJZPH2G26pB0RYPonbHFL%2Fr5pVjzZgFnME65rIFaqth%2B094mLbvY1nb1shbARIboPV3jdaHx%2FFTuWytTH50g%2Fd%2Brh9JoBDiE8EpmUn6xZSxFr8J7EXI67QoAW8iDyCAIzIeIBlz2K56DOoroWXPdrqf%2F1N06wuJ1ouPfW5AbYhr1iRz5xmo4U7GWsZ3se3sYcvoQIALA2sPsVMrUFv6HEEhU38iJJcr808ODywZjC51uW6L0UaApgSMR77%2FNan2TD3x33yNikXQcb%2Fv58vHvLpbtJ%2BxuKBAqckzD9xtajtO8LFxW1nkJ%2BeD5wVASoq%2B1tagP3BmSLbXr7wZc6RKtPocLTPJshQnDW16xh650XtQw5M%2Fvly4vOVgjg4Op8ZzT1fC4ym4h5M7%2FcXvj6lcG70dCenl6cPezL3oT5k9bUPRKIcpNjIo%2FmWo2E%2Fr6KskV4LI8%2Fy2ENjly64GYxTVExPacOMqCEVTEGO00p2Aw3H%2Fx1puhO67R8i7SThy0x94IOMV3yJNlUUvQCq%2B0F6%2Fdq0HWm6E7rtHyLkLHVxIdl7yBXWBGyvAv3kIgK5qdgv14FZHKavU4tV%2FZ4rdxsq0jM4X5kFts86QgmI7aJVpqHu3OA%2B8eNzUYlZgvdURfVXcIB1ew9R%2FqdOXEcaRhzk6rgkGCH%2FaZlIh0EnKCePhiECWj5Ih1dTA%2BaHLd5w0LJVEJMk4E3Vu13%2BtsIs9sfIVF%2F4%2FOnspKEr53EjEBNfk8k7LVjm2k6wOhDhcHbp1hT1kqFlk5krDPkH%2FkhH7aW2%2FbQ4jDYFHDtAbfLbHM%2FtOBprz7ZoSYUfH4eMj%2FpDaL1j7sbxtDsaD59gBQ7AXHtHEFZIbLiZFN121pSOfM2n58fTfUDZ2KCy3lMaQ%3D%3D,http://g.search2.alicdn.com/img/i2/129195378/O1CN01kkrOiJ1pbB2HMjv7I_!!0-saturn_solar.jpg,True,"https://img.alicdn.com/imgextra/i2/3416315229/O1CN01JHS4NL1oUw0xuNzTB_!!0-item_pic.jpg, https://img.alicdn.com/imgextra/i2/3416315229/O1CN01A5LRWp1oUvu9lCpzC_!!3416315229.jpg, https://img.alicdn.com/imgextra/i3/3416315229/O1CN01pBV3dG1oUvuGiKlZC_!!3416315229.jpg, https://img.alicdn.com/imgextra/i2/3416315229/O1CN01m72BhL1oUvuIqgwpT_!!3416315229.jpg, https://img.alicdn.com/imgextra/i2/3416315229/O1CN01myymrW1oUvuFfUtJS_!!3416315229.jpg",颜色分类,"黑色, 红色","https://gw.alicdn.com/bao/uploaded/i2/3416315229/O1CN01c2lOlh1oUvuDXyOrD_!!3416315229.jpg, https://gw.alicdn.com/bao/uploaded/i4/3416315229/O1CN01926NxR1oUvuDXzbgn_!!3416315229.jpg",尺码,"35, 36, 37, 38, 39, 40, 41, 42",,,,,4.8,232.00
839310681242,老北京布鞋男款冬季加绒保暖防水老人棉鞋男防滑中老年父亲健步鞋,259.00,天津,100+,布足缘旗舰店,http://click.simba.taobao.com/cc_im?p=%C6%A4%D0%AC&s=1123531929&clk1=6d5c00012a0c4080143c7a85f57413bf&k=1677&e=PGGi%2BSaOwvD6lnRyDVmmSrmOqdBO2AgAej70qTlix06UBZC3%2FOBzIryQxV5Vw7rj7%2BIFkasXFigOJROPEORvF7lhBfLjcJes%2FZueDT0oqGGcjfduzy1%2BAnLJZua2IkDUKn2qKgT5yvshgnNNOgERNuuxCekeFkir6RWSDnTQGaFVF6zpaMU2CtCpq7M57yiCDZHJ7swAtL7LwzSKzmn44Brq4%2B2rZs5bYJuMVd0t2nPnWArCTRfm%2B%2Fb5Yyhkl23L7RlW6JrF88MSVrcmPr%2BjxRKRe3RKxwQUTGlZQ4%2BGMAE%2BuntyNUXlQR212BOxuyGBYq66A14KglGt3cWrZp7LVN6zlQRgqYYO73ZvuW4O6dXZMTgt%2FaVFRYksZL0xDsfrROPERf0Ma6T9mEaPRGcyO0gS9qLUpehz4xCHWfgIqyZNygJkTiasaHBYuws4SHGTVfCHFLI2wT4jItwHukO50BAarMtn78gUjHPDseBFSON6nbh3ViT53WySumNq1oDO2RbqXqvS1EuwA8itpE0gkau6%2B6kpIrvoeVdC76Q0f9Y0d0w1xoxLHmYz2%2F%2Bqs8Br2mAbnZqVXFXF3hjVi2Cz7ff2kY8Mx1Usb1RYEfaKuo5QyIH2zCDVg%2BYAeTln%2FQnOaeKYHDXnak9AmsqnJ15k0ANkCfcBCvUOQovRejUzAsMsjzc26%2FatzwChsKHBiehM%2BQsncx7yYIHjaIbQ3Z1B9c1A0A1IAyWNo1cQNZx26Naq78YKaB2SSORCXNdfio9RkPlqm9hNw%2BeWnCgYbQOyIh4ZQrihWip4NwDHyJmZhY06ES1EnjxkWj8iykJbF89bfBPK%2B6LMBWsQAfCxHjCBri%2FRyBGutozeDYdcjRlmfquOTl2fWM%2BqlcUx9p0vtWoHm3K%2BYiLwv8%2FYFA%2BoxYHb%2FOGk4ExrcgMWN6ZEnUWMq%2FFT27SYsJ%2FwgvQxu3FTJ9swswYt1QFFggl0FUQZ4QnSkCSUHtiqNCWaIDg21tEint%2FAOWcwnjGnx70iYaMZ66%2BH4x6n3ioSfPOboTnveoTYl070SmCaQv%2FlcFi7CzhIcZO%2B9zNx9drwqxjf034kk%2BJqeMIU0ECiLfgmIFjUHW8uaokMJKgxQOTsnAkE0aUHJUU3nPBtsKyAC9KkfXjl5HXwkNWJQ1j8TaD8WxwwgGDWK2mE4q81H5RJSf0ov87TwaQHI%2BkZqKnBNmGRsyWd8e1whiUfovrjfvvxIR%2BmVke2%2BQGXLX0tRiYDdlKtzUpMizQwS2dkTkhMy2JiqjdKP%2BJdRX2Vkn8%2FlhPDTAZqoYc8sZJ%2B%2Bw2mYLl5YmKqN0o%2F4l31i6tkC8u%2BEmEOTLZRrJm%2F0CxXo7UiILqKl0%2Ff2ULWlKVXC%2BFbP9%2BH7kaJezSqZiGJwhTGfZ02MeeH57wFuDXrLMhIhFFH0zHdZWPGy8Rhu%2BeC3%2B3h2ux%2BnteoK2Au2NN%2BEvpyVPN0g0eKYB4oXvkB4II62PoymtRSLA8OiVgYZwNkCfcBCvUOQovRejUzAsMsjzc26%2FatzwChsKHBiehM%2BQsncx7yYIHjaIbQ3Z1B9c1A0A1IAyWNGloRoxGzUqwr3AWib6yeoqjsn%2FC9zNocGyZLhsajyGewQohqyMbP624bTvOiqcIZA9kbhz3X7pTPT98xOfKWu3zFARTznXtfgan8vmHyJhA%3D,http://g.search2.alicdn.com/img/i2/1405140050/O1CN01ZMFR411CEwnxtHrEC_!!0-saturn_solar.jpg,True,"https://img.alicdn.com/imgextra/i4/2208953246404/O1CN01ywWfaW1xB5PwtSoQT_!!4611686018427380420-0-item_pic.jpg, https://img.alicdn.com/imgextra/i4/2208953246404/O1CN01ynDQUr1xB5PFGdJYk_!!2208953246404.jpg, https://img.alicdn.com/imgextra/i3/2208953246404/O1CN01rZX2uy1xB5PFRd4GN_!!2208953246404.jpg, https://img.alicdn.com/imgextra/i3/2208953246404/O1CN01WZcwDU1xB5PDZSea4_!!2208953246404.jpg, https://img.alicdn.com/imgextra/i2/2208953246404/O1CN01A5VKCB1xB5PCvkiEu_!!2208953246404.jpg",颜色分类,"黑色5501 仿兔毛, 棕色5501 仿兔毛, 黑色5537 仿兔毛, 灰色5537 仿兔毛, 黑色2618 纯羊毛, 灰色2618 纯羊毛","https://gw.alicdn.com/bao/uploaded/i4/2208953246404/O1CN010tGXCU1xB5Q27wYh5_!!2208953246404.jpg, https://gw.alicdn.com/bao/uploaded/i1/2208953246404/O1CN01rhnWiD1xB5Q0ZSX25_!!2208953246404.jpg, https://gw.alicdn.com/bao/uploaded/i4/2208953246404/O1CN01JEnFJs1xB5Pze4nmv_!!2208953246404.jpg, https://gw.alicdn.com/bao/uploaded/i3/2208953246404/O1CN013UuaeF1xB5Q4x6a4k_!!2208953246404.jpg, https://gw.alicdn.com/bao/uploaded/i2/2208953246404/O1CN01Aa3zDy1xB5Q2o6J37_!!2208953246404.jpg, https://gw.alicdn.com/bao/uploaded/i4/2208953246404/O1CN01cxoPoa1xB5Q3v2MgG_!!2208953246404.jpg",尺码,"38, 39, 40, 41, 42, 43, 44",,,,,4.9,259.00
846543050844,意尔康男鞋新款真皮软底商务休闲皮鞋.男士冬季加绒保暖棉皮鞋男,168.00,浙江 温州,200+,YEK中国直销店铺,http://click.simba.taobao.com/cc_im?p=%C6%A4%D0%AC&s=1123531929&clk1=6d5c00012a0c4080143c7a85f57413bf&k=1677&e=Tu1LY0xstA76lnRyDVmmSrmOqdBO2AgAej70qTlix06UBZC3%2FOBzIryQxV5Vw7rj7%2BIFkasXFihg51Q%2F2kmroaQ8acxno4O2LlP3yZa8ACWcjfduzy1%2BAnLJZua2IkDUKn2qKgT5yvshgnNNOgERNuuxCekeFkir6RWSDnTQGaFVF6zpaMU2CtCpq7M57yiCDZHJ7swAtL7LwzSKzmn44Brq4%2B2rZs5bYJuMVd0t2nPnWArCTRfm%2B%2Fb5Yyhkl23L7RlW6JrF88MSVrcmPr%2BjxRKRe3RKxwQUTGlZQ4%2BGMAE%2BuntyNUXlQR212BOxuyGBYq66A14KglGt3cWrZp7LVN6zlQRgqYYO73ZvuW4O6dWFBMwvRVXET5Q2oxroMv7%2BSFySl8sc9POqClZ%2BK5O9EFrdsRzQK361tNlfna1BYanAPgzWge2XOMOqOAuM%2BZLoLtNpmJ%2FwtrJo7jvf86aLPymyS%2B2F9BgIbLaB1d3n4l9Lye%2Bsc0pXEtW2G5czViRiR2GZ4HEmSfXZ2ETBM0y3%2BKu6%2B6kpIrvoeVdC76Q0f9Y0d0w1xoxLHmYz2%2F%2Bqs8BrFn5veZKXsouy%2BdfLqGXUi%2Ff2kY8Mx1UszF9McbLB5x4CP%2FpQAMoqEGEbntOrRpmBXN9LPhXgCoHKsq5PAdrJSIjTVjVIFU%2FAAPs%2FvQabqQzzp7KShK%2BdxIxATX5PJOy1ScbOUmI9P07Z9XepdZgXl4ucNT0fYoJq43Fxk81%2FfWv19f8i9stNjhek7%2Bp%2B7U47JZPH2G26pB0RYPonbHFL%2FvJltlgSuxGqesTrkuI7Wye7hCV0QXa0UL1shbARIboPV3jdaHx%2FFTuWytTH50g%2Fd%2Brh9JoBDiE8EpmUn6xZSxFr8J7EXI67QoAW8iDyCAIzIeIBlz2K56DOoroWXPdrqf%2F1N06wuJ1ouPfW5AbYhr1iRz5xmo4U7Pyb3cZmkZlX61WrMJvSF7cVMrUFv6HEEhU38iJJcr808ODywZjC51uW6L0UaApgSMR77%2FNan2TD3x33yNikXQcb%2Fv58vHvLpbtJ%2BxuKBAqcq%2FaEKKnLDqRxua1IWNsCt9XALgEy0WMzaX0cCkEKNECtxGayn0l6FklGxXfiUKDN9awmCFxou8YAlRNprdYOpAjg4Op8ZzT1fC4ym4h5M783XIvaJshliLU19DI503y1QvU68LVint6ehr8lotUpUuolihzLXEbbfMUBFPOde1%2B1etzQVN5UQGERbqrBv5%2FbCjkzQ%2B5eIW9KXjKQ9S0K6PX1%2FyL2y02O7sJ7yR3u4t60PaS68mbIOekdg3Tk8lE19fX%2FIvbLTY73t6Ll4lGcgC7OQX4Sn%2BDnWg0vjDZCQbPnK2JxczNqGKcDTfUIlrWiIIZK6CU%2BXm4wKORcMgalwiHiAZc9iuegBtaaoZsZGLlNd9cgl4I5HtrK2tblAI9zWmjJ9xE9skDY3G3ZLz2eaka3NNRQHVIP7E0QJHRo1M74CxKY%2BqSBf1TLDLypUpqx9yWPHUwBRH0joBlsQX61yc0Q4HxZMETOTmaLVL8jUI3LW958NNiK0o17JqvS2OuJpmSCVUs9IpLooRHK4fPX4%2Fma6RWz4dI0R%2BuaGN5drlatxGayn0l6FpXKlcay5K%2Fs5s52eNl%2BPezhrPnWihfnfxWey5wl9dHBPnLZgyh6q9c%3D,http://g.search2.alicdn.com/img/i2/121826548/O1CN01KkAETW1yF2RUbxB5G_!!0-saturn_solar.jpg,False,"https://img.alicdn.com/imgextra/i2/2274750579/O1CN01HRj6041G9EK8N7Pqw_!!2274750579.jpg, https://img.alicdn.com/imgextra/i1/2274750579/O1CN01J6Bfgm1G9EK8N7Y1E_!!2274750579.jpg, https://img.alicdn.com/imgextra/i4/2274750579/O1CN01ENu2UJ1G9EKCsCsHh_!!2274750579.jpg, https://img.alicdn.com/imgextra/i4/2274750579/O1CN01jOEusS1G9EK9N09Xo_!!2274750579.jpg, https://img.alicdn.com/imgextra/i4/2274750579/O1CN01qK7xhl1G9EKBE9UlA_!!2274750579.jpg",颜色分类,"黑色单鞋 22717, 黑色加绒 22717","https://gw.alicdn.com/bao/uploaded/i2/2274750579/O1CN01HRj6041G9EK8N7Pqw_!!2274750579.jpg, https://gw.alicdn.com/bao/uploaded/i4/2274750579/O1CN01ENu2UJ1G9EKCsCsHh_!!2274750579.jpg",尺码,"37, 38, 39, 40, 41, 42, 43, 44, 45, 46",,,,,4.9,168.00
739026845618,豆豆鞋女冬加绒2024新款老北京布鞋妈妈厚底正品秋冬防滑毛毛棉鞋,68.20,河南 新乡,2000+,方橙鞋类旗舰店,http://click.simba.taobao.com/cc_im?p=%C6%A4%D0%AC&s=1123531929&clk1=6d5c00012a0c4080143c7a85f57413bf&k=1741&e=5XPbRw8Jiy36lnRyDVmmSrmOqdBO2AgAej70qTlix06UBZC3%2FOBzIryQxV5Vw7rj7%2BIFkasXFij5x1JurTT%2BXqgiwZqfKTXpa7Of52xsJ86cjfduzy1%2BAnLJZua2IkDUKn2qKgT5yvshgnNNOgERNuuxCekeFkir6RWSDnTQGaFVF6zpaMU2CtCpq7M57yiCDZHJ7swAtL7LwzSKzmn44Brq4%2B2rZs5bYJuMVd0t2nPnWArCTRfm%2B%2Fb5Yyhkl23L7RlW6JrF88MSVrcmPr%2BjxRKRe3RKxwQUTGlZQ4%2BGMAE%2BuntyNUXlQR212BOxuyGBYq66A14KglGt3cWrZp7LVN6zlQRgqYYO1fL%2BUuuckzsEtuxR48I%2BkSSD3g0ZuiLa7H7YSUV8%2FGkMeTS1kgd1W6ZbI3cTNNu6MgI2CJFzKXAyMolExjX95sf68NX0JtlTSI0HXXUrqAQQLwUkkyczneoSuLexJRW4dFyHJJ52Unk0Zk8X9BzFWJwCxSz1xP7%2BzYruwfKUthd7QPO%2FZFXtT6u6%2B6kpIrvoeVdC76Q0f9Y0d0w1xoxLHmYz2%2F%2Bqs8BrOEGCVeoLxXKY46fCNFz50ff2kY8Mx1Us9IErMl9humcyqzfsZe2Nea%2FYs1LGh73dShQjQdUCdA%2FkMLs8WrafF6ka1TRXr2t0PpZLUTbTBltafGhabEV2IQChsKHBiehM%2BQsncx7yYIF2UuJQlKM736kz%2FaPRif02M5%2BEJLDbTwJaTtVsazjtPVrGsph5kRhKzJWxtiwbXRWrK%2BG%2FIOBvZELa5Jm6tdBsHzQzs6gZ%2FdYGRxZdfRDwUoB5L%2BzMQb96lees%2BSCvlku1A1%2FtY5pKN3pKfhT9h%2BEwIWUwiAT7aPA4t64njw8O06gjZaxpUrbNjv3crUMrVJakB%2B8EwCQAWAZ5PJisLnQThdmHBHgIpppghUOO24CxsR7Fy153xRUSlKxk0Kzf7WVOEWrpqqbnxzKQmJSbDH6Mj0N2l06hsLh82t3Q81J2YtW0ZigdzDSyG91bFz8RTso5lOBGGFEWaFD8VBjzom3zTZT41HsWkcqOxF4ld4cAtTAhbZrvjkTkW4OvOvhgWxdSO6z%2FgB7SVjIyiUTGNf3mgRuRhKvEFyIJQOUVth2Xb6i5xDBVyPKgo61R%2BI48y%2FzA7Sj6K%2BbeviDvg9mghqobMaIHEJ%2FBTq7Yq2g5rFgI0EJCoswA9uHRXdyyLWuJ4%2B0QLwUkkyczncgBx4Tkoq6a4az51ooX538VnsucJfXRwY0%2BRb%2Fpia4isHazI%2BjRF5z24TFyoZm0Mveqi8%2BDCKqVTliUG5JTJrGiv%2ByEOwItDJw01Ab%2FdZTf96qLz4MIqpVOWJQbklMmsSlin1K8sCHK%2FfqmYMsu9Wgg%2BzegyCuemKRvqvU5nF319TC6kDOGWFWe22eT4EMFHzKdRy70csoeBPbFA8IHtUFFgAUmke84VOoEi2dZV7UN9F015TxUKVGS7M3vZOUiwAsKpP7B%2Bqnpseb0Y64o6gqh7zMaIVG4sZXnrPkgr5ZLSseZxSsGfxCbnoFbxTKb380i1wEjbaALg25GqHEmG3v%2FIRvCg6cX%2B%2BCPjkme9%2FavJN0qXw3NcQS6HQU2IAK6pIYQ3WxxO2KK%2BV2oJVszFoW6GHm69soTYf%2FqzsFEdmgrTEg7rZ66AGjQrJlBzdYJeeJVNutVj3ZjmG3cHa79Xk5mPzrVa3xfbYYlH6L643775l6Y9E8XiLA%3D,http://g.search.alicdn.com/img/i4/2215775817430/O1CN01plJMfX24kzlaDIL1X_!!2215775817430-0-alimamacc.jpg,True,"https://img.alicdn.com/bao/uploaded/i3/2215775817430/O1CN01Rbt3Bs24kzgxB4mOs_!!0-item_pic.jpg, https://img.alicdn.com/imgextra/i4/2215775817430/O1CN01U8nmjU24kzg728YlD_!!2215775817430.jpg, https://img.alicdn.com/imgextra/i4/2215775817430/O1CN012vMNz324kzgBf5XMD_!!2215775817430.jpg, https://img.alicdn.com/imgextra/i1/2215775817430/O1CN01Zi9QoC24kzgBf6LGf_!!2215775817430.jpg, https://img.alicdn.com/imgextra/i1/2215775817430/O1CN01B3jYdP24kzg8wEuMd_!!2215775817430.jpg",颜色分类,"红色, 黑色, 灰色, 卡其色, 黑色02, 灰色02, 卡其色02, 红色【升级款】, 黑色【升级款】, 灰色【升级款】, 卡其色【升级款】","https://gw.alicdn.com/bao/uploaded/i4/2215775817430/O1CN01Qb3Q2g24kzdyWO9nH_!!2215775817430.jpg, https://gw.alicdn.com/bao/uploaded/i3/2215775817430/O1CN01vWGjGA24kzdyWPELF_!!2215775817430.jpg, https://gw.alicdn.com/bao/uploaded/i3/2215775817430/O1CN01xElzqx24kzeCf9BS9_!!2215775817430.jpg, https://gw.alicdn.com/bao/uploaded/i3/2215775817430/O1CN01By6Obt24kze4LNUGd_!!2215775817430.jpg, https://gw.alicdn.com/bao/uploaded/i1/2215775817430/O1CN010yCd7B24kze2xmcBz_!!2215775817430.jpg, https://gw.alicdn.com/bao/uploaded/i2/2215775817430/O1CN01CiZeep24kzeBTRSpT_!!2215775817430.jpg, https://gw.alicdn.com/bao/uploaded/i2/2215775817430/O1CN01oA3heu24kzeCqryMY_!!2215775817430.jpg, https://gw.alicdn.com/bao/uploaded/i2/2215775817430/O1CN01BXbQ4424kzllH9Dnm_!!2215775817430.jpg, https://gw.alicdn.com/bao/uploaded/i3/2215775817430/O1CN01GncdJk24kzln6HqNs_!!2215775817430.jpg, https://gw.alicdn.com/bao/uploaded/i2/2215775817430/O1CN01fwbuFR24kzllfvvuJ_!!2215775817430.jpg, https://gw.alicdn.com/bao/uploaded/i2/2215775817430/O1CN01ZPl5Q224kzlmP31dJ_!!2215775817430.jpg",尺码,"35, 36, 37, 38, 39, 40, 41",,,,,4.8,68.20
733147648397,马丁靴男高帮真皮新款冬季羊毛加绒英伦风中帮皮鞋厚底增高工装靴,856.00,福建 泉州,100+,漫匹旗舰店,http://click.simba.taobao.com/cc_im?p=%C6%A4%D0%AC&s=1123531929&clk1=6d5c00012a0c4080143c7a85f57413bf&k=1761&e=dVNpGaFcYrT6lnRyDVmmSrmOqdBO2AgAej70qTlix06UBZC3%2FOBzIryQxV5Vw7rj7%2BIFkasXFiiHbVdDqAI5rRM25Wmd%2F%2BNT6ktrOaUIEgqcjfduzy1%2BAnLJZua2IkDUKn2qKgT5yvshgnNNOgERNuuxCekeFkir6RWSDnTQGaFVF6zpaMU2CtCpq7M57yiCDZHJ7swAtL7LwzSKzmn44Brq4%2B2rZs5bYJuMVd0t2nPnWArCTRfm%2B%2Fb5Yyhkl23L7RlW6JrF88MSVrcmPr%2BjxRKRe3RKxwQUTGlZQ4%2BGMAE%2BuntyNUXlQR212BOxuyGBYq66A14KglGt3cWrZp7LVN6zlQRgqYYO73ZvuW4O6dV7NCg7gYXGXewmGKy4lYumY7iH9UV3qqZGvQ9VtkJ4w55VreXYOj9JBdEMBwx7IaUXE9dz%2FEkWeLz0t4KcXx73yENnxHpa26j6nvySoBfmegr%2FcICQY8AQC%2BqfXBxDLPwrwgJTNfHOdbXsOtKSEdz38Hyz2qPD8huEPjBsdHLd1KseEuczwXKbMmO1nzzp92BTOCSR6PsLWfcEtG6zkkz9Yq2BPzqymXqdZmEeqQ3qTbOcYBpA8ni0Ki0mRyJHelvQyDzqG4tSN8U6XRethJv1BYpKsfhzrF6uPImPkMRP7t%2FQeusgZ2315Wdfc70%2BZJMY4bay%2FtC6WNyV1CHVdPHjZ1HW5eyuDZChemS32Z6rQl%2BmMmg1jAm800BzRc4qFt%2B4ccLOn3Z7uYiLqVYUMlfeLaoIZaVfYGk3ov3n08xo0NoXolWH9%2FNkgUMUGqpIMdWCL%2FzkETO6fC9i6KvBODoghlGBXPgcBE4X1CtQ2DMtowWci3iwj6wyQJ12rNVVD7G3giIyeSAWQ8xQEr0rVmhNZOUAeDYUklCt1xeKMg3MuwK5NAPzh%2F9JLtsRTajrUaDvEOLuoE8hYzSk07dSAGuO4ye6PC9shE%2F3d3rX2DMpJqTpknfx5NdI7k8ELtrARyob23%2B3IJ%2B2LmzMAmVd4Tf683Osj1bDGet9BvcQJ6UcREaklNR0sVMHIo4ReGMVmRDjHqfeKhJ885RoiyG5t%2FZQLG%2F7sJ2xT%2FziMwWcPkyaS9tjpffEiXmHHwYFpmErtto3%2F51RGxXGpNtshB5c5hkijAhuB6alYLzq4TXN7vxB79KkfXjl5HXwkNWJQ1j8TaDslNLuuP4nsGEZoakZgdOecH7JTRI%2BBYbAs2wjgydE9Cf2Yqjn1sX34az51ooX538VnsucJfXRwY0%2BRb%2Fpia4isHazI%2BjRF5z24TFyoZm0Mslf6LocF0lFwrxB49QTe1Siv%2ByEOwItDJw01Ab%2FdZTfyV%2FouhwXSUXCvEHj1BN7VClin1K8sCHK%2FfqmYMsu9Wgg%2BzegyCuemKRvqvU5nF319TC6kDOGWFWe22eT4EMFHzKdRy70csoeixjW7AbTtbvIyCcf91lAMeoEi2dZV7UN9F015TxUKVGS7M3vZOUiwCQD7TdpW1H2uI7bzOAfbEbHR2LuVYQBdV08bpfaD7l8tyEmzfZ765SSfwPJWlhoi721I0AAPFyjbYMOMYDYZefymk4mBK50qWJrsery%2FTbjkp4m5VZV5PsFCs9U0N0UE6CHHxVIvnwwC5ZOuwFPiBhNJ8mRCynyokq18HOqDHfnGmM70BXK%2FPsV2hUBrP3A4rov9dpoMsGDD%2FaLvWdCfWSx5FLDO9ZVav2gmc6w7VeXiHKTYyKP5lqNhP6%2BirJFeHeR7UbVnkLh,http://g.search1.alicdn.com/img/i1/362690198/O1CN01b1Ta8J1DKjICdsQCh_!!0-saturn_solar.jpg,True,"https://img.alicdn.com/imgextra/i3/2200657639824/O1CN01uKX9UV2MRRojtdFHg_!!0-item_pic.jpg, https://img.alicdn.com/imgextra/i3/2200657639824/O1CN01jwjZG82MRRoniDezw_!!2200657639824.png, https://img.alicdn.com/imgextra/i4/2200657639824/O1CN01v25QKA2MRRofzcI6I_!!2200657639824.jpg, https://img.alicdn.com/imgextra/i1/2200657639824/O1CN01K6IaTI2MRRopU1xz5_!!2200657639824.jpg, https://img.alicdn.com/imgextra/i3/2200657639824/O1CN01zXddNq2MRRoifkf49_!!2200657639824.jpg",颜色分类,"10010黑色单鞋平底款, 10010灰色单鞋平底款, 10010黄色单鞋平底款, 10010灰色单鞋内增高款, 10010黑色单鞋内增高, 10010黄色单鞋内增高款, 10010-1黑色平底羊毛款, 10010-1灰色平底羊毛款, 10010-1黄色平底羊毛款, 10010-1黑色羊毛内增高款, 10010-1灰色羊毛内增高款, 10010-1黄色羊毛内增高款","https://gw.alicdn.com/bao/uploaded/i3/2200657639824/O1CN01XCFhPV2MRRogeZJmY_!!2200657639824.jpg, https://gw.alicdn.com/bao/uploaded/i2/2200657639824/O1CN01m2NvfC2MRRoa90nVS_!!2200657639824.jpg, https://gw.alicdn.com/bao/uploaded/i2/2200657639824/O1CN01iO44X52MRRonFHpV2_!!2200657639824.png, https://gw.alicdn.com/bao/uploaded/i1/2200657639824/O1CN01F7gKRH2MRRojymwaR_!!2200657639824.jpg, https://gw.alicdn.com/bao/uploaded/i4/2200657639824/O1CN01bKRDez2MRRoip4E4M_!!2200657639824.jpg, https://gw.alicdn.com/bao/uploaded/i1/2200657639824/O1CN01j5v8b82MRRojtYPjJ_!!2200657639824.jpg, https://gw.alicdn.com/bao/uploaded/i1/2200657639824/O1CN01M76vxr2MRRol7U1Ju_!!2200657639824.jpg, https://gw.alicdn.com/bao/uploaded/i2/2200657639824/O1CN01OjjqYZ2MRRojylwD4_!!2200657639824.jpg, https://gw.alicdn.com/bao/uploaded/i1/2200657639824/O1CN01gxDy832MRRol7Xi0m_!!2200657639824.jpg, https://gw.alicdn.com/bao/uploaded/i1/2200657639824/O1CN01KDdavx2MRRoifmGp1_!!2200657639824.jpg, https://gw.alicdn.com/bao/uploaded/i1/2200657639824/O1CN01wHkx5N2MRRogeZ7Lu_!!2200657639824.jpg, https://gw.alicdn.com/bao/uploaded/i3/2200657639824/O1CN01HeebYh2MRRogeYNcM_!!2200657639824.jpg",尺码,"38, 39, 40, 41, 42, 43, 44, 45",,,,,4.8,856.00
679851819135,韩桥日记 原创小众ins情侣款休闲板鞋蝴蝶鞋子女男潮低帮鞋个性潮,999.00,浙江 杭州,6000+,韩桥日记HANQIAORIJI,http://click.simba.taobao.com/cc_im?p=%C6%A4%D0%AC&s=1123531929&clk1=6d5c00012a0c4080143c7a85f57413bf&k=1665&e=fkRBgyuoLEn6lnRyDVmmSrmOqdBO2AgAej70qTlix06UBZC3%2FOBzIryQxV5Vw7rj7%2BIFkasXFihTDot5ZkvGOxMjzceFkvaOKrIMKaKBBeecjfduzy1%2BAnLJZua2IkDUKn2qKgT5yvshgnNNOgERNuuxCekeFkir6RWSDnTQGaFVF6zpaMU2CtCpq7M57yiCDZHJ7swAtL7LwzSKzmn44Brq4%2B2rZs5bYJuMVd0t2nPnWArCTRfm%2B%2Fb5Yyhkl23L7RlW6JrF88MSVrcmPr%2BjxRKRe3RKxwQUTGlZQ4%2BGMAE%2BuntyNUXlQR212BOxuyGBYq66A14KglGt3cWrZp7LVN6zlQRgqYYO73ZvuW4O6dXZMTgt%2FaVFRQNtI7NdQT4lt%2FvXVwssvfJ4DSg4fE5ZZq1WOkLu0zrOiqUlzxknSEe8Cf4YcipzNU5VlubfwN9gFTk%2BD3JLgHjAHX%2FpfbhB33iGO%2F3QisGvYfojB9A7p7Wkva3mF9OUgmxv6o9mxRnRbWG2wt08IL8kN8HBaxfj4au6%2B6kpIrvoeVdC76Q0f9Y0d0w1xoxLHmYz2%2F%2Bqs8BrYt5ubctUUQeYF7iHMrZxNPf2kY8Mx1Us2aUybtmXBijY3RCaSGv0rp%2BBbkRYSWf8gcG4n3dth3QPD36ywOP35BpZlqMlEGHj3c%2FUtjq9Pxo3PDXy7lfEgAB0duOxdeyyqrYKCkuGTmUVLsCOLPssuhW6dnuGR%2BwAYbnhc1yHwE62f8rtjaLj5cdbwE3QixXdk4ta7l9jawXpkuCX7bOiIjMKsLmO4ERkY2ynJWKfu3UoAmQVnl%2Bj2z%2BqhfEpt9QAekp%2BFP2H4TAhZTCIBPto8Di3riePDw7TqCNlrGlSts2O%2FdytQytUlqQH7wTAJABYBnk8mKwudBOF2YcEeAimmmCFQ47bgLGxHsXLXnfFFRKUrGTQrN%2FtZU4RaumqpufH%2FFXoPvHdaGy%2BKM2YYCb1UnQVRBnhCdKQJJQe2Ko0JZogODbW0SKe38A5ZzCeMafHvSJhoxnrr4fjHqfeKhJ885uhOe96hNiXTvRKYJpC%2F%2BVOVZbm38DfYKt997xeeOaSYVmxuzxGCq%2BNY%2BbVW%2FsTd%2Buzp0nVxs3NhWCh9%2B2%2FM3XpkZApfhvA8p9WrpvedaHbCODg6nxnNPV8LjKbiHkzv6qa80DZIJXyq4UgoFiCQ%2BDehPmT1tQ9Eohyk2Mij%2BZajYT%2BvoqyRXgsjz%2FLYQ2OXLrgZjFNUTE9pw4yoIRVMQYTkeJqX9Kv%2BZm4UWz9cTYZtJOHLTH3gg4xXfIk2VRS9KKmIndW8F0HmbhRbP1xNhmQsdXEh2XvIFdYEbK8C%2FeQiArmp2C%2FXgVkcpq9Ti1X9nit3GyrSMzhfmQW2zzpCCYjtolWmoe7c%2BTPQp6561l8axTb2Zhs86Bbf2jwgYPv7yS%2FAV6%2F9UFoq0IxnnKcG2787ljoYU2ws5hVmq1SW6XSDw9%2BssDj9%2BQaWZajJRBh493P1LY6vT8aNzw18u5XxIAAdHbjsXXssqq2CgpLhk5lFS7Ajiz7LLoVunZ7hkfsAGG54XNch8BOptv9485Oexsd2XOlkvu0%2By96G0m9djB2GWPwE9H2gqmLtL5smpTF7qpT4gmyAhDtOOERfXLgf7hmcNT1CxhEq%2BNNpUX5fGt5,http://g.search1.alicdn.com/img/i1/41007398/O1CN01U3b9d624WL6tw4pGj_!!4611686018427386150-0-saturn_solar.jpg,False,"https://img.alicdn.com/bao/uploaded/i3/738187452/O1CN015r6Dw524v4V5AF9Hl_!!738187452.jpg, https://img.alicdn.com/bao/uploaded/i1/738187452/O1CN01xAfy6G24v4I5UcCFD_!!738187452.jpg, https://img.alicdn.com/imgextra/i1/738187452/O1CN01Vn4XgC24v4FduoZpF_!!738187452.jpg, https://img.alicdn.com/imgextra/i2/738187452/O1CN01dPL8Np24v4FUO4WgL_!!738187452.jpg, https://img.alicdn.com/imgextra/i1/738187452/O1CN013HV8zd24v4FnGH6if_!!738187452.jpg",颜色分类,黑色,https://gw.alicdn.com/bao/uploaded/i2/738187452/O1CN01XOUOty24v4FXxjTiU_!!738187452.jpg,尺码,"36 正码正拍, 37 正码正拍, 38 正码正拍, 39 正码正拍, 40 正码正拍, 41 正码正拍, 42 正码正拍, 43 正码正拍, 44 正码正拍",,,,,4.7,999.00
681463394044,皮鞋男冬季新款男士真皮休闲皮鞋英伦风软底商务内增高结婚新郎鞋,238.00,浙江 温州,5000+,Y L原野潮鞋馆,http://click.simba.taobao.com/cc_im?p=%C6%A4%D0%AC&s=1123531929&clk1=6d5c00012a0c4080143c7a85f57413bf&k=1677&e=vstamPl%2BUPn6lnRyDVmmSrmOqdBO2AgAej70qTlix06UBZC3%2FOBzIryQxV5Vw7rj7%2BIFkasXFiixxOJf7579yjdFyG8vcJ9qwKQTqf6NCjKcjfduzy1%2BAnLJZua2IkDUKn2qKgT5yvshgnNNOgERNuuxCekeFkir6RWSDnTQGaFVF6zpaMU2CtCpq7M57yiCDZHJ7swAtL7LwzSKzmn44Brq4%2B2rZs5bYJuMVd0t2nPnWArCTRfm%2B%2Fb5Yyhkl23L7RlW6JrF88MSVrcmPr%2BjxRKRe3RKxwQUTGlZQ4%2BGMAE%2BuntyNUXlQR212BOxuyGBYq66A14KglGt3cWrZp7LVN6zlQRgqYYO73ZvuW4O6dWFBMwvRVXET5Q2oxroMv7%2BgtBi3Z%2FSVr%2F5HELIW9NuZnfmNcjnxmu9d3E9NkrdNQq57avc4%2BOx3TD%2FUasiocjVMIZ2IPi%2FexbOtsn1Cprx%2BsiSNmS%2FW8ecavUR67PMgV%2BjLjOR%2BtJfuMx7J1UvVt7nnNwC5c65n%2Fv%2BvRHDxoSM8pMaDO0gGBM6MmO1nzzp92BTOCSR6PsLWfcEtG6zkkz9hsUCwV7lvIJc2aIBSzn0Ps91wri4jBeGA8Lu1EFYjxd2ZnrFn0Es7ju1fR0axHEDD7AfUKUVAnKIPTu8x1qMDDYjfPYs476jKK6RQruLwPi9tSNAADxcozc6RgAv67TQZ1HW5eyuDZBrqoBgK0Kzb%2BsV00aTox8%2FvmZkidYKiys4bLd7FX9R1BhYvQN%2B26R0LyvMT36D7aVRCath7m4wgQxkwie1ZkYORTpqzsNrfmUXOx2u%2BiVKxFWJyux2DN5Nes5Cf2iPIvze5vEhOCIOOE0LWHa63LZf2DqdB%2FuYl6U3ii0ip0NgH2kZRCe%2Fdkp9xi13hZFmEuf%2BuSIhbj8wYfgYgRtLjtcJJzDJhv0DC%2FY9Acco1aUFDV9AV%2BiGbjC1u8i3XcQx020Lh4sar87pe%2Fp2Ipvd8F%2F4DA1Pw7xdlzjMauKMoxczGgWDbo6oRH3YTZT41HsWkcq0%2F3m6wuxkwO1baXdwp6ZNWXDfBxvs%2F0VaW3FBOkEnyixfq1OEb1usp46Q4j691ALdYYNnkSq94X9sCGnrktV8AFFueNcq97ltvtVZUMYrKoFIgf3GS89U84eSkbKPvucgC3nPR3ZgE7VMHeKyK1KtoMWh6MMVNhURfxOHPR44nDjhEX1y4H%2B4ZnDU9QsYRKt44V3sqyfjlUuqdnedJ1t8c%2BCVootVCs1S1UVDp8br5UofrksbPzl3Pqh1tKZLfENmgTLJNLPA%2FGnBXlXF%2FPMVSh%2BuSxs%2FOXcGTP2P8OMm%2BdJhwGSAPU5vwX%2Fbbp611IglcBVzcxo5yWPMjfKMJ%2B9v2c4wrhh%2B8vGOSc9Kzf2Kg74vtrIItmGfWDfR9pkRmAZNd9cgl4I5HtrK2tblAI9zWmjJ9xE9skDY3G3ZLz2easbbpMi0Q7RSVxwSYTiry1U8J7CJrp35Wa0gALTNAa%2F%2B2c9Qs9c8KxlzYFnfgMrjM6A2Erc0TlmysVmwdD4B5OW5JYGjCJc%2FvN1tvBmIS5nDYThqPMK3daNKH65LGz85dyzxy4LwiM9FPrstLZm51E9rgW30ce%2FUSqDFoejDFTYVjkXsJ86hZTTZR8czgJoh8SNEsNWPo5rnYQfRFTc3yug%3D,http://g.search1.alicdn.com/img/i1/3190402334/O1CN01nzSCe51T71KE14lzQ_!!0-saturn_solar.jpg,False,"https://img.alicdn.com/imgextra/i1/2214556403705/O1CN010hvcd11dEwIFGnA6b_!!2214556403705.jpg, https://img.alicdn.com/imgextra/i2/2214556403705/O1CN01JTqUrE1dEwILMp5BC_!!2214556403705.jpg, https://img.alicdn.com/imgextra/i2/2214556403705/O1CN01Og2CC81dEwIFtRWjO_!!2214556403705.jpg, https://img.alicdn.com/imgextra/i4/2214556403705/O1CN01C9Lwsb1dEwIHvcESE_!!2214556403705.jpg, https://img.alicdn.com/imgextra/i4/2214556403705/O1CN01XjhZ5w1dEwI5WuNru_!!2214556403705.jpg",颜色分类,"D54黑色（四季款）, D54黑色内增高（四季款）, D54黑色（加绒款）, 2135黑色（加绒款）, 2135黑色（四季款）, 2135黑色内增高（四季款）, 19932黑色（四季款）, 19932黑色内增高（四季款）, 2135黑色升级版（四季款）, 811黑色（四季款）, 822黑色（四季款）, D54黑色中帮（四季款）","https://gw.alicdn.com/bao/uploaded/i1/2214556403705/O1CN010hvcd11dEwIFGnA6b_!!2214556403705.jpg, https://gw.alicdn.com/bao/uploaded/i2/2214556403705/O1CN01JTqUrE1dEwILMp5BC_!!2214556403705.jpg, https://gw.alicdn.com/bao/uploaded/i3/2214556403705/O1CN01ZMZMJc1dEwQW7zKn7_!!2214556403705.jpg, https://gw.alicdn.com/bao/uploaded/i4/2214556403705/O1CN01OuXMlP1dEwJODPgiq_!!2214556403705.jpg, https://gw.alicdn.com/bao/uploaded/i1/2214556403705/O1CN01f9Ipy21dEwIHrwExF_!!2214556403705.jpg, https://gw.alicdn.com/bao/uploaded/i1/2214556403705/O1CN017G9umM1dEwIMPuSxC_!!2214556403705.jpg, https://gw.alicdn.com/bao/uploaded/i3/2214556403705/O1CN01YYFzOb1dEwJ3xbBP6_!!2214556403705.jpg, https://gw.alicdn.com/bao/uploaded/i4/2214556403705/O1CN011RkgSa1dEwJBRobSI_!!2214556403705.jpg, https://gw.alicdn.com/bao/uploaded/i3/2214556403705/O1CN01iD9Wcz1dEwILJWzXC_!!2214556403705.jpg, https://gw.alicdn.com/bao/uploaded/i4/2214556403705/O1CN01BtjX4o1dEwPUKun8D_!!2214556403705.jpg, https://gw.alicdn.com/bao/uploaded/i2/2214556403705/O1CN01yOYa9g1dEwPVPUYdo_!!2214556403705.jpg, https://gw.alicdn.com/bao/uploaded/i3/2214556403705/O1CN01m5Q7JE1dEwCoZLpeC_!!2214556403705.jpg",尺码,"37, 38, 39, 40, 41, 42, 43, 44, 45, 46",,,,,4.6,238.00
735878572231,蜻蜓牌马丁靴冬季加绒东北棉鞋男真皮军勾鞋羊毛皮毛一体雪地靴男,238.00,浙江 温州,1000+,DRAGONFLY兴迈达专卖店,http://click.simba.taobao.com/cc_im?p=%C6%A4%D0%AC&s=1123531929&clk1=6d5c00012a0c4080143c7a85f57413bf&k=1805&e=8GmCoSWFW4j6lnRyDVmmSrmOqdBO2AgAej70qTlix06UBZC3%2FOBzIryQxV5Vw7rj7%2BIFkasXFihWXONrWaem0FtIHAIfwP2MmQHsgibwm7Scjfduzy1%2BAnLJZua2IkDUKn2qKgT5yvshgnNNOgERNuuxCekeFkir6RWSDnTQGaFVF6zpaMU2CtCpq7M57yiCDZHJ7swAtL7LwzSKzmn44Brq4%2B2rZs5bYJuMVd0t2nPnWArCTRfm%2B%2Fb5Yyhkl23L7RlW6JrF88MSVrcmPr%2BjxRKRe3RKxwQUTGlZQ4%2BGMAE%2BuntyNUXlQR212BOxuyGBYq66A14KglGt3cWrZp7LVN6zlQRgqYYO73ZvuW4O6dV7NCg7gYXGXRA3bEdMNW1d1tk2wqRe9cULdCNE%2FQO3hBg6vH4Sfi%2BPseEOtOYQPRv9RTu%2Biw6D9T9UIPwePQBeD46OYyrmi8xMJJ5wktR0WlDyN%2Fej%2BWLO%2FKge6KlBvTLdbiNffbcSqW8GautoWMlOXA8yX2BQaNxeKQvRMkt9kuHYCshEmvRtJfnNIKJgN9Qq7WDuQXiui7AAi1l8wqJ0eR5kRO0aPRzTG55YoexeEropMpucN4WTyX9aXvRJ0YUfGdz5dazeuplLuFBwqCQ8i9Tlt6NPBDyuPImPkMRP7kealDV4wBYHHLuEwa765t0Y4bay%2FtC6WNyV1CHVdPHjZ1HW5eyuDZCMKutAMv99Wf8hG8KDpxf7AnbRYTQKzOA8Cya6kHmyH4lgcrAOc4wOGcacaalzi268WVKTlq2SZ6kkvEr0dM%2Fq%2BPq4D24LMtIcPESWbOdGc9c9GaWxh%2FO6E8J4m832SnrmTzcWYHs6VkTs%2FFDvcDM00NY2ceDHms11HSL0b8fYTgJVQlQBpRuSCVDISGmS9wTuYVy3pPqlRL71ZXIpngxxB3CtxW5Rd5fqjKoOWMETpY217Iw6EQg4vNVK9pDE7LqLL5pEGjjMWHJH%2Bj%2BxkVYDleru%2BWeGrgGEmejjTIglZFK%2BrN9No5MW%2B7pjN0XxQrcWRo%2F61EFvuCGrlP%2FvgQeY5U%2FdenoT%2BebOm%2Fr8K8qKdJRA%2Bv0x4krhTvRKYJpC%2F%2BV0SLuV0K9b9cdF7GDzh7yxurGG7C%2BILBEU24fvr6c5rigKhfNOWQnnRmbYeBG4eyJks2rFAoAs24TDj0oRZ4bND4F9sY9vRT2eNysONcI3GcZxGlmu2WKA%2FUU7vosOg%2FUUYw5gyDI%2FeYbTMcNExMvWA%2F9JRpBYe%2F41hcnLou0npDnzNp%2BfH031Y%2BDwVodhLtCmMI9TNogxjuIfA7jx3T93uhXYe3XHh%2BLTG55YoexeEsb%2BwZIuCHAdzgMp%2BrraWooCBC8sfgHk%2FtMbnlih7F4SMMarUBYH3%2FCJBWUH%2FcGzC60eWcwidiTKldj3SLG6JPGtlja1wr5aVpTIg7Q4VyCb9TC6kDOGWFWe22eT4EMFHzKdRy70csoexHVhyEKGEH7haNeWkMnc0%2BoEi2dZV7UN9F015TxUKVGS7M3vZOUiwF28ABB0NRH8MkjR4x5p7K3HR2LuVYQBdV08bpfaD7l8SLXOB8HkmHWqNCAJKoGPsr21I0AAPFyjbYMOMYDYZefvzDh7VVyZy%2FukoLT6szkKdlLiUJSjO98ouNgeiVqobIELcGcJ0KayKhhyYEcjzjnB2iECeX0sadc9GaWxh%2FO6HVkc17%2B0t0X7iiYj%2BQAC1XN7pFs1H1Rl4O%2F%2Bo4orQoZ2iNDdAjKqB9cNEl%2Bb%2Fh36OwFx7RxBWSGy4mRTddtaUjnzNp%2BfH031A2digst5TGk%3D,http://g.search3.alicdn.com/img/i3/2884520092/O1CN01lGrbGs1CYBKEri7iE_!!0-saturn_solar.jpg,True,"https://img.alicdn.com/imgextra/i2/2214004812718/O1CN014VaKFK1VwtOIfooN9_!!0-item_pic.jpg, https://img.alicdn.com/imgextra/i4/2214004812718/O1CN01gxV9ww1VwtOaPkBS4_!!2214004812718.jpg, https://img.alicdn.com/imgextra/i4/2214004812718/O1CN01Mrredw1VwtOZeZ4Gc_!!2214004812718.jpg, https://img.alicdn.com/imgextra/i1/2214004812718/O1CN01OE5us81VwtNeIXUbO_!!2214004812718.jpg, https://img.alicdn.com/imgextra/i3/2214004812718/O1CN01Y9dXCG1VwtNXmEgfl_!!2214004812718.jpg",颜色分类,"黑色加绒 真皮抗寒羊毛雪地靴, 黑色单鞋 真皮四季马丁靴, 2899黑色加绒 真皮抗寒羊毛雪地靴, 2899棕色加绒 真皮抗寒羊毛雪地靴, 8956黑色加绒 真皮抗寒羊毛雪地靴, 8956黑色单鞋 真皮四季马丁靴, 6627黑色加绒 真皮抗寒羊毛雪地靴, 6627棕色加绒 真皮抗寒羊毛雪地靴, 6627黑色单鞋 真皮四季马丁靴, 6627棕色单鞋 真皮四季马丁靴","https://gw.alicdn.com/bao/uploaded/i2/2214004812718/O1CN01i6tM741VwtNcZL6zh_!!2214004812718.jpg, https://gw.alicdn.com/bao/uploaded/i1/2214004812718/O1CN01GKxnnT1VwtNahE0su_!!2214004812718.jpg, https://gw.alicdn.com/bao/uploaded/i1/2214004812718/O1CN01HrxoO31VwtW9Y7uWb_!!2214004812718.jpg, https://gw.alicdn.com/bao/uploaded/i4/2214004812718/O1CN01UofWAp1VwtWBlmWVp_!!2214004812718.jpg, https://gw.alicdn.com/bao/uploaded/i1/2214004812718/O1CN01xNGcah1VwtW9YamAs_!!2214004812718.jpg, https://gw.alicdn.com/bao/uploaded/i4/2214004812718/O1CN018uCqHP1VwtW8CYjJn_!!2214004812718.jpg, https://gw.alicdn.com/bao/uploaded/i3/2214004812718/O1CN01oTyzFa1VwtWB3CCJh_!!2214004812718.jpg, https://gw.alicdn.com/bao/uploaded/i2/2214004812718/O1CN01Yy5Pq41VwtWAHEVzm_!!2214004812718.jpg, https://gw.alicdn.com/bao/uploaded/i2/2214004812718/O1CN01wfOpjy1VwtW9gSAMP_!!2214004812718.jpg, https://gw.alicdn.com/bao/uploaded/i4/2214004812718/O1CN010APESd1VwtWCsMUeO_!!2214004812718.jpg",尺码,"35, 36, 37, 38, 39, 40, 41, 42, 43, 44, 45, 46",,,,,4.7,238.00
809235943638,CastleKorin皮带男真皮自动扣头层纯牛皮商务休闲名牌男士裤腰带,599.00,广东 佛山,800+,CastleKorin旗舰店,http://click.simba.taobao.com/cc_im?p=%C6%A4%B4%F8&s=1772287718&clk1=6d5c00012a0c4080143c7a85f57413bf&k=1665&e=AjVyu2PMC4RU%2Fu6hmggNg9TmD%2B6SB%2BjaDYv7cWoLsnMwRrWDPvyqrBEbGqF8jtLOC0DWOe%2BcPQl1Zu%2BxRu%2FQT0%2FkXkqglhbb4Hq6SZ6uvgyNxnIZY4fkrx%2ByDVaFxzy3r00O33iyzBipKEab7uL2BGwVI3j%2FeiVQ5RiUgWe9nQRMb5AqMrVqv512q9rMfzIxojgciaDWyM5sLrjfmj162D66Jbx3P7wR8X0pTpO3bRzo4oOKsAWngODGklpaWPaQlA2o%2FW85CktGV%2FFFPsqYihqbHFMdteEssAHSmOlYDGOuDNz1izeEplpfWgWlptTz1YaG%2FJJbqKs5QO0D1tcc7%2F8Qi%2B7BvA8lne%2Bt0Br99MCviTr07%2FGGagI1ZD4Y9r5OAL2y9iXHd%2B2aApu7tWBaGeTbc4K5RT9F%2BY%2FP%2FCy3rIYT%2FpqvVN2wmwDKTk68jeIwuAKU2j%2FXQnsdPS1szFOtqBdj7OklRvRMGKO9zNrI86j%2Fempdng7LwHSNVMGWR3M7T%2BKjj8HbPqshbXjPker70BzJj4OH3TYk40lUzYxfFtuWcSDXyFHfkOSERVUPBV6QWXfKc0zZI91ApcFlivtIquDEWfouNChbC%2BIMht22xbf%2FK4uRtR2vrybRfKl976LxhWhjfc0nZPOHZwbvaSRj0q1PvHfziB7MSX%2BtRwfYjKr2z73MsJYdE2HuRZIEPgX604wNT0q9Qsdx90xJSkbvVwkf2%2FEo%2FiBE5IRFVQ8FXpA%2Fi0f%2F%2BHp5ZFnNco2lbj6r6HQdCCsKAvRNyLOavceP7eTwAPWnnQg7sNlmLsB3fxJ%2FIUlY%2FYeerPlbUSOIjlpMV4SJDuvHFvUeH7anh4FpjZV7A%2BE4X%2FpSKQJA4OI9h3WPeLniHrcVlJPTb4yHcYoe3yWuLKJYPJByd3eUgtOda09XZAFaOMUB2wosdXWi5sErpbekHv2mqgDj0fhIwknaKX4kQILTmyR%2FB838hb0Jbv2NeqgJIm1fV2Da%2BVBfsoyaxeV81fnSsUPL67KKDzO4LOb1b5uTlcq8%2Fy8CrMNSHBP%2Bmq9U3bCbYjsa%2BQ0hd0DYzC%2BepuYv1wxU7htWoc9TFl72gpvMrSIBEyJALMeapIix%2Fucgi7NexWT9IK1PW4Xa4GgdLz4zW8eT%2BuqO38rqK%2FW1aPNiHQLmIF8eHqHF1HSNVMGWR3M74tDEl1704kPnojod%2FOdagafWR%2BOqt%2BSgHsIzDQYNL8brVKnthcLRra8nHhJK7kHKog3pQ%2F6cVbC5rJ%2FAv1ruGGygR1Wrj71eMs3ITLnLeGfYiYQEVrPsIrmsn8C%2FWu4YzGEJmccuU7Yfsg1Whcc8t%2BFgODhC5JaHk2w3gwwZ1YpxScrUh26GHRgRlC2G%2BaKdQYFDv6croOkEgoGFcadOOclGq8w2eQF3LK999bbyxGtQp%2FdffZLbZQko%2B8xZ1OezYiCB%2B4jMsfj8%2BMw59vOZrJ9nn64cKUH%2BRoVSQL38dGXzNFs1ufKHOnhDNAQJDX%2FZ4F5VNXnU1%2BfUNfl9j9%2FeZUtS5%2FunTN%2BSlWGKOTA%2BR9QULbMqBw7hyFSRZB8fieRG5IRFVQ8FXpCsb81ka85V4yv1tWjzYh0CPvgSn94XjeQJR5fEV7Lfg65iIjCI0MmlOblfzf7TH27ePpXgAPFdgi48cjVWP5tu,http://g.search1.alicdn.com/img/i1/4413837880/O1CN01bnEu6T2855yAqKBYa_!!0-saturn_solar.jpg,True,"https://img.alicdn.com/imgextra/i1/2215867340417/O1CN014DhfC31Ex287xVj4g_!!0-item_pic.jpg, https://img.alicdn.com/imgextra/i4/2215867340417/O1CN01oZvIcE1Ex27tvbjCC_!!2215867340417.jpg, https://img.alicdn.com/imgextra/i3/2215867340417/O1CN01Js9fpz1Ex27wyNZCR_!!2215867340417.jpg, https://img.alicdn.com/imgextra/i4/2215867340417/O1CN0155TxWk1Ex27tvaegd_!!2215867340417.jpg, https://img.alicdn.com/imgextra/i1/2215867340417/O1CN01tI9tYC1Ex27sQYjQS_!!2215867340417.jpg",颜色分类,"046哑光【送礼盒礼袋】, 045枪色【送礼盒礼袋】, 045金色【送礼盒礼袋】, 002枪色【送礼盒礼袋】, 003枪色【送礼盒礼袋】, 001枪色【送礼盒礼袋】, 004枪色【送礼盒礼袋】, 005枪色【送礼盒礼袋】, 005金色【送礼盒礼袋】, 005银色【送礼盒礼袋】, 020枪色【送礼盒礼袋】, 020金色【送礼盒礼袋】, 028枪色【送礼盒礼袋】, 028金色【送礼盒礼袋】, 028银色【送礼盒礼袋】","https://gw.alicdn.com/bao/uploaded/i4/2215867340417/O1CN013TI4iy1Ex27xf1zk1_!!2215867340417.jpg, https://gw.alicdn.com/bao/uploaded/i2/2215867340417/O1CN01GmJpFz1Ex27s5hBPE_!!2215867340417.jpg, https://gw.alicdn.com/bao/uploaded/i1/2215867340417/O1CN01ALfGW51Ex27miVOIP_!!2215867340417.jpg, https://gw.alicdn.com/bao/uploaded/i2/2215867340417/O1CN01HnjEmK1Ex1zzyUEHB_!!2215867340417.jpg, https://gw.alicdn.com/bao/uploaded/i3/2215867340417/O1CN01Utt0wB1Ex2024qsbH_!!2215867340417.jpg, https://gw.alicdn.com/bao/uploaded/i3/2215867340417/O1CN012QLnRM1Ex203mlRUR_!!2215867340417.jpg, https://gw.alicdn.com/bao/uploaded/i1/2215867340417/O1CN01fC8Au31Ex208t1wAT_!!2215867340417.jpg, https://gw.alicdn.com/bao/uploaded/i1/2215867340417/O1CN01xYzCuC1Ex203T79J6_!!2215867340417.jpg, https://gw.alicdn.com/bao/uploaded/i3/2215867340417/O1CN01vZoc811Ex1zzyZKhp_!!2215867340417.jpg, https://gw.alicdn.com/bao/uploaded/i3/2215867340417/O1CN01jshxFu1Ex2024Y0hQ_!!2215867340417.jpg, https://gw.alicdn.com/bao/uploaded/i2/2215867340417/O1CN01g2Ab3d1Ex2024l6N3_!!2215867340417.jpg, https://gw.alicdn.com/bao/uploaded/i1/2215867340417/O1CN01Xcb5oQ1Ex2025G3Zc_!!2215867340417.jpg, https://gw.alicdn.com/bao/uploaded/i4/2215867340417/O1CN01ehg5rR1Ex207kB44M_!!2215867340417.jpg, https://gw.alicdn.com/bao/uploaded/i1/2215867340417/O1CN01GxuQsB1Ex2024oKGL_!!2215867340417.jpg, https://gw.alicdn.com/bao/uploaded/i4/2215867340417/O1CN01KFAwGL1Ex202ONv95_!!2215867340417.jpg",尺码,"110cm, 115cm, 120cm, 125cm, 130cm",,,,,4.8,599.00
803336626742,纯棉印花帆布腰带男女士设计感小众潮流年轻人自动扣裤带美式皮带,59.00,江苏 徐州,200+,腰物工作室,http://click.simba.taobao.com/cc_im?p=%C6%A4%B4%F8&s=1772287718&clk1=6d5c00012a0c4080143c7a85f57413bf&k=1773&e=fYZL%2Fv6nZ51U%2Fu6hmggNg9TmD%2B6SB%2BjaDYv7cWoLsnMwRrWDPvyqrBEbGqF8jtLOC0DWOe%2BcPQll92BgqplePgymFWCD2ZB4lTNjmrxqsOyNxnIZY4fkrx%2ByDVaFxzy3r00O33iyzBipKEab7uL2BGwVI3j%2FeiVQ5RiUgWe9nQRMb5AqMrVqv512q9rMfzIxojgciaDWyM5sLrjfmj162D66Jbx3P7wR8X0pTpO3bRzo4oOKsAWngODGklpaWPaQlA2o%2FW85CktGV%2FFFPsqYihqbHFMdteEssAHSmOlYDGOuDNz1izeEplpfWgWlptTz1YaG%2FJJbqKs5QO0D1tcc7%2F8Qi%2B7BvA8lne%2Bt0Br99MCviTr07%2FGGaqRztLX2ZUJ3ir1%2FWDgvn7bd4Nt20F1s%2Bx0LA0DcyUc%2FgXjsCBZwMuQq9shxhdFPQCAepZblvchGqqT7sh%2B%2BBomWSU7b%2B973lZIqMUro0n7mnN24DWga6D4DG7QtS5LxoPkzqvEVjjjjT7I%2Fy9gFfQyv8qd4umYGFdJ8qMWPz5XT40lUzYxfFtvTWFtcXAp%2BQmFDkzNzuhEcbMtA66QknfJ5zO5C35lLS1x297XDDqyOAG%2B%2FKcZnvNUH1AXUozswD7zDiRtPvUpW6AfSB4z6kcHZzxis4bn%2BtISs5iDibTI2r9uZ7JnzUKAnl%2FwOHryZZ515LFyG7DiQVZHIkX9BZIWNbLwXPq4tZTUyls8H8obTdLzD5sHXWBC6Ev5bR9N73GZE5I63ijOKMAl8Lf8kpjBcOdw7hqqzVlvzLHTXuotCqy47tutIO52iIT3iKgp4EjiRCl5JLobrtoVySjuO2O7HL%2BNlAWIeO0%2BaCn6tBKu1QEjfN%2BQOPcC%2BCQk49%2Fwy%2Bd4Bb5%2FmZ2xYbEkHYV9%2BleU0SFoJCymkc1%2FjLnFjVV5JeZSprO2iTpJ%2FV3RdEwXu%2BStAbcnePSd%2BU1CfdRdrbeW%2FUFVvGbe0KS%2B95kWwhcVOtWpPeAY1GmnB7vxWtsUN0uRZGf0CNXwSqVRVvOWM9csN%2FYhycsuKRIOyUib91sWAje0huuTv1gixj88Wb9bBdAOANM%2FuXxQoux9Fs1yqZ5SMEge%2FuBrmzzAtYLdsB10OxnRRRSVDRfe73ECbSZP8fVXuVW7CKj8PNgcnbpAixuLuDWWm92HfSdrgaB0vPjNbx5P66o7fyupKzCZlFBXb4ImsZc5IAwdH2rMV0Ph4DqykJK%2BMc7UQG5NTxF8snPlW7oBaZbDBrXTBJiTFkRyj%2B5r7YnGuCyuOzueS7Wv49rTolkr4Tj2v8Ji4qsCWgJdA8YfrxICyst5MBfuJH9FD6EPbr44bcLNNH%2FxyC9%2B0er17AiT4X2viQJpTWhqFBfGKVVjfdXYDvj3VG645vtvVbHwlsM1NJjKtmlNaGoUF8YpocDBCs%2Bj4koxGEOrUJtDVFHScTj1coXZ6jhR5w9P8iEZZcgSzPYrrjUS23VHWIjw1%2BwhyjH1T41t1biHu%2F9zzczynCUbrwnW05HWytq2vxo2zKOUlr2Tx825loMysyrSP2yrHoD5ObwNl9JX9aM9G2c8YrOG5%2FrSErOYg4m0yNq%2FbmeyZ81CgJ5f8Dh68mWedeSxchuw4kFWRyJF%2FQWSFjWy8Fz6uLWU1MpbPB%2FKG03S8w%2BbB11gQdKGG2nAaU6F9%2Bx0dfrjOwhLs2pWqsceFMAl8Lf8kpjDyC%2BZpMkFbnkrMJmUUFdvgMcrx7GCH9k4Lf8T36mKalBKdpJcRwnamku4oY0yqghE%3D,http://g.search1.alicdn.com/img/i1/127469335/O1CN01XL48cL2IpUGmr4wmh_!!0-saturn_solar.jpg,False,"https://img.alicdn.com/imgextra/i3/3423588707/O1CN01Fhut552EBrVV1c9OW_!!3423588707.jpg, https://img.alicdn.com/imgextra/i3/3423588707/O1CN01lb4O7j2EBrVXz0vQy_!!3423588707.jpg, https://img.alicdn.com/imgextra/i4/3423588707/O1CN010flxGR2EBrVVlMvBd_!!3423588707.jpg, https://img.alicdn.com/imgextra/i1/3423588707/O1CN0144rgZl2EBrVVlO3xW_!!3423588707.jpg, https://img.alicdn.com/imgextra/i1/3423588707/O1CN01YJxIaH2EBrVTBm61f_!!3423588707.jpg",颜色分类,"米白色 粗纹, 黑色 元素印花D044细纹, 深灰色 元素印花D044细纹, 米白色元素印花 D044粗纹, 龙纹印花黑色 细纹, 龙纹印花深灰色 细纹","https://gw.alicdn.com/bao/uploaded/i3/3423588707/O1CN01Fhut552EBrVV1c9OW_!!3423588707.jpg, https://gw.alicdn.com/bao/uploaded/i1/3423588707/O1CN01OiETY32EBrXmjOcTb_!!3423588707.jpg, https://gw.alicdn.com/bao/uploaded/i1/3423588707/O1CN01oofbpr2EBrXlEtNl0_!!3423588707.jpg, https://gw.alicdn.com/bao/uploaded/i1/3423588707/O1CN01sNV7JY2EBrXpmtEnV_!!3423588707.jpg, https://gw.alicdn.com/bao/uploaded/i2/3423588707/O1CN0161NeS12EBrXpAuYcp_!!3423588707.jpg, https://gw.alicdn.com/bao/uploaded/i3/3423588707/O1CN01bDpU4k2EBrXo3RCZj_!!3423588707.jpg",尺码,"110cm, 120cm",,,,,4.9,59.00
580126494665,年轻人皮带男潮男士工装裤腰带帆布休闲学生牛仔裤带青年男布腰带,58.00,浙江 温州,1万+,混着旗舰店,http://click.simba.taobao.com/cc_im?p=%C6%A4%B4%F8&s=1772287718&clk1=6d5c00012a0c4080143c7a85f57413bf&k=1601&e=ZrEBfy4Qf45U%2Fu6hmggNg9TmD%2B6SB%2BjaDYv7cWoLsnMwRrWDPvyqrBEbGqF8jtLOC0DWOe%2BcPQnurg%2F72YjOcPLsO6j7CIS0bHY9z2FeQXWNxnIZY4fkrx%2ByDVaFxzy3r00O33iyzBipKEab7uL2BGwVI3j%2FeiVQ5RiUgWe9nQRMb5AqMrVqv512q9rMfzIxojgciaDWyM5sLrjfmj162D66Jbx3P7wR8X0pTpO3bRzo4oOKsAWngODGklpaWPaQlA2o%2FW85CktGV%2FFFPsqYihqbHFMdteEssAHSmOlYDGOuDNz1izeEplpfWgWlptTz1YaG%2FJJbqKs5QO0D1tcc7%2F8Qi%2B7BvA8lne%2Bt0Br99MCviTr07%2FGGait2JbsxzH82eN9i52qxK6xkasQJCXoFTjODFSCWrBQUymZuVLEHqmZMrVpUma2fpyaX7R%2BydK3mdXwFqAXxz%2Bll2Y42TlaWLMhOp2%2BwFCJBaGri6uPGYNRfTuqufeF%2BPeaBbkBbnZqS1qO7OsZY2U4QRmtR0NaOJafokdr7c4fvn1hUN4oFXuXIiMe8UcXPxHJl9%2BO2f4rOkntqWTIIsBfYbSj0WdMKVwDNFFFl7OkkADv8wDhzP3nVIPBZmaZxIsydl2nwWgeSZmhZx%2BifB%2Bdw%2Bz5%2B88eY%2Bwg2cGzJ51kR1kvPmgVQiffmPgiCjhOoNyWC4GP3i5S4TlMCa%2FoIA2fXScMJ4YB%2FUlFf8b8Oxh%2BY67NK%2FdHnTMXjx%2B3FbX2WBJfFuEOcGDQnK%2BBRjexyxEy6iWDogUBwirIose%2BmgGqFg1gzgTaUicx9AUsHDhxtc19fwsUyDjptB5IU5d2Nl9iYcUf6ssRMBFrBswslGSJaNzxZM%2FlXk5ORTyyE34TZXfEXcXP8BFYaXm5OYlCx%2FC8Reon%2BQr0brk13Z5e2JSaHNmAvCDa2s1u9%2F6PpXctUJ57FeSxMj%2FlVbqXXRmzWnjES5UmXFISNRi8UclAYRvWOGZTwzsbcYvVl2Y42TlaWLMhOp2%2BwFCJBaGri6uPGYNRfTuqufeF%2BPeaBbkBbnZqSdHQrCtmVdqkHFLYOVa28DSt3RpTjS3aU7hVYvWCanxYsfavlMjQtfG5zxB%2F8PIha9c0DhHXx%2Bc8ml%2B0fsnSt5rsPtjQsYxCj56I6HfznWoGn1kfjqrfkoB7CMw0GDS%2FG61Sp7YXC0a0qCw5Vojk9243yijMFGf2CHJEN0TsoahVRoodksIq7vjLNyEy5y3hnJ1JioNEK4O0ckQ3ROyhqFRjGvo0H6CMfH7INVoXHPLfhYDg4QuSWh5NsN4MMGdWKcUnK1Iduhh0YEZQthvminUGBQ7%2BnK6DpsN3%2FOLnjKTdqe4mDegaUNrlr5dGS8YZ2UujekVZHjLDy7XNRJGis0qI43RdBJvo2CLab8LzEENy7cX99xmDewU41TWYP%2B5vbRvyX2IRgsvMNEtY7HJJ4kgNACWfOmFNyFRzrePhBbxZRX%2FG%2FDsYfmEQ1D%2BoXIRxkmYTW8dFa0uwAQUhfhIz9ihnOTasySTM%2BNZ8mdBcHe2bmgW5AW52akk0v1pkc51cszZea6HZ%2B34C%2BW8QD9wssKmIUK2VDyGr4,http://g.search3.alicdn.com/img/i3/4044266357/O1CN01sbWAIS1wpYieqReKs_!!4044266357-0-alimamacc.jpg,True,"https://img.alicdn.com/imgextra/i2/4044266357/O1CN01Klt4ij1wpYlmom86Q_!!0-item_pic.jpg, https://img.alicdn.com/imgextra/i4/4044266357/O1CN01RNhrvY1wpYeslORI2_!!4044266357.jpg, https://img.alicdn.com/imgextra/i1/4044266357/O1CN01niDrmw1wpYerYeD2c_!!4044266357.jpg, https://img.alicdn.com/imgextra/i4/4044266357/O1CN01FKcYit1wpYerX68gi_!!4044266357.jpg, https://img.alicdn.com/imgextra/i1/4044266357/O1CN01UXO9yK1wpYgCCS7lh_!!4044266357.jpg",颜色分类,"绿色, 黑色, 卡其, 复古绿, 复古蓝, 复古黑灰, 黑色-套装, 绿色-套装, 卡其-套装, 复古绿-套装, 复古蓝-套装, 复古黑灰-套装","https://gw.alicdn.com/bao/uploaded/i4/4044266357/O1CN01apvh951wpYHRRjD0s_!!4044266357.jpg, https://gw.alicdn.com/bao/uploaded/i3/4044266357/O1CN01Dqshll1wpYHRRc1hv_!!4044266357.jpg, https://gw.alicdn.com/bao/uploaded/i2/4044266357/O1CN01pcVSma1wpYHPNkZKB_!!4044266357.jpg, https://gw.alicdn.com/bao/uploaded/i3/4044266357/O1CN01Rm8D5C1wpYlrKsXIU_!!4044266357.jpg, https://gw.alicdn.com/bao/uploaded/i4/4044266357/O1CN01LbJ5wZ1wpYlr7OhNU_!!4044266357.jpg, https://gw.alicdn.com/bao/uploaded/i3/4044266357/O1CN01sHbOpz1wpYlsWsFBC_!!4044266357.jpg, https://gw.alicdn.com/bao/uploaded/i4/4044266357/O1CN01gF1M9i1wpYHRFxOWi_!!4044266357.jpg, https://gw.alicdn.com/bao/uploaded/i1/4044266357/O1CN01zY9MwO1wpYHSlVp7X_!!4044266357.jpg, https://gw.alicdn.com/bao/uploaded/i2/4044266357/O1CN013dOdmT1wpYHRL1Ans_!!4044266357.jpg, https://gw.alicdn.com/bao/uploaded/i4/4044266357/O1CN01rUyw5D1wpYJUBwS0G_!!4044266357.jpg, https://gw.alicdn.com/bao/uploaded/i2/4044266357/O1CN01fgVh1L1wpYJPrF4bL_!!4044266357.jpg, https://gw.alicdn.com/bao/uploaded/i3/4044266357/O1CN01lQI8791wpYJSZ0leR_!!4044266357.jpg",尺码,"110cm, 120cm, 130cm",,,,,4.8,58.00
855171934959,真皮皮带女新款简约百搭高档牛皮牛仔裤腰带正品复古小众腰带针扣,29.00,浙江 金华,1,丹哈丽皮带自营店,http://click.simba.taobao.com/cc_im?p=%C6%A4%B4%F8&s=1772287718&clk1=6d5c00012a0c4080143c7a85f57413bf&k=1689&e=03prrhX5zPtU%2Fu6hmggNg9TmD%2B6SB%2BjaDYv7cWoLsnMwRrWDPvyqrBEbGqF8jtLOC0DWOe%2BcPQlJU3tNrrOXze1AoJKNVEVi%2FhgRj3Rn8wmNxnIZY4fkrx%2ByDVaFxzy3r00O33iyzBipKEab7uL2BGwVI3j%2FeiVQ5RiUgWe9nQRMb5AqMrVqv512q9rMfzIxojgciaDWyM5sLrjfmj162D66Jbx3P7wR8X0pTpO3bRzo4oOKsAWngODGklpaWPaQlA2o%2FW85CktGV%2FFFPsqYihqbHFMdteEssAHSmOlYDGOuDNz1izeEplpfWgWlptTz1YaG%2FJJbqKs5QO0D1tcc7%2F8Qi%2B7BvA8lne%2Bt0Br99MCviTr07%2FGGavRxTFDUAS7wFad5uiQYmpioV480Qd%2FE%2FxI%2FDn73YY%2Bvq72m6GgttEMdOGp4wWou7ld4CM1fotoLbv6irMkPaEZDpa4ulNAq7C5Ks7K1SqyAAQoGvXX0YTnJpieOQaWjafmnMYy%2BQTfgrFsrgu1fn34hbXjPker70BzJj4OH3TYk40lUzYxfFttEkmUkyeLpyq5qmQ0xJbstfbNssQfSXP5ApcFlivtIqqMk6P6iB76Gtd0VEsLjpCTmWPPUf2vk3JekIpbw8NnwROTh2MVk6mxo9I8%2BWsE66gg2cGzJ51kRSX%2BtRwfYjKr2z73MsJYdE3Pi6aFCLr6fBD0m%2BqoFPjxrjs9Ov4Cwalairul0Z7f2BLDHgjFyivUGA865grV99xyHMTykKvBa10nDCeGAf1Lpu2K8B9360QIwQ5pcncDuJocVoEENBrBqWN90ia35om%2Bs6FHs1Qbq6wG8U4rHIyubJgUtwDeEeRC8OO5xbXCkIHppuur%2F0sdVmwyTW9yodVFHaJSrxuFXlPorjUaUxm9xMdC8MG5HW%2Fw%2BEq7d0p96bXJfRfg1w9B5u7S2vLDXjw7%2F9aORo0pcYNrWp%2F5O4%2FKPpAzb%2B9RrQjzTzgJy6S6eCFz7tMeAj0wo%2FUyZIorE0AIh2a76MAw3bapZicjC1Mbx1J2%2BjVMgo1U6bxD6s5YohQQ35HUiu%2FfehHm4tw6IQ6ty2kSVTVZGWO5Kq1MExkNXeAjNX6LaC7D1lQs7cw%2Bw8Sjt4BoRvgpxXrsVZ4KkrCdk9fCpCm13sfkBgvqY0AZgpEZfcDN0TOmJybDw66OOFHUUTw7coVE1uZcObFEt%2FaYMcYPkJSSREp2klxHCdqZLtcygZRXcwbfU23aFPmav%2FLUA6PMCQhgFvShD%2BByyCGhtPM3zNPvTf%2BAQZtTGgmTiP%2FF2rPc3wMuM4IShOYrZaG08zfM0%2B9N1i%2FRaX5w7ret8pEZljAhTxdX7558r39eZAY9jsMonTnDLmgA%2BSrQdvJCSc6yVANLvfQ%2Bbu3%2BZNpKrA4hCNEe9SVNW1HsvJYrn5BdUUul1iFCn9199kttlCSj7zFnU57NiIIH7iMyx%2BApb%2BdLEynH1zgX%2F8YK8O%2FpE5OHYxWTqbGj0jz5awTrqCDZwbMnnWRFJf61HB9iMqvbPvcywlh0Tc%2BLpoUIuvp8EPSb6qgU%2BPGuOz06%2FgLBqVqKu6XRnt%2FaEbNrXdx1tIJLJKMKutTWaIeWUzaUszZbFY961xySk1fPq2tdF1iv9eq2JGEKjXbupvhCHB0nM5neqNQEzUkpaUqP92t%2Bs519Dy2GFg8WZFA%3D%3D,http://g.search2.alicdn.com/img/i2/2333270061/O1CN01wm5apA1CJzAgLSPDE_!!4611686018427379757-0-saturn_solar.jpg,False,"https://img.alicdn.com/imgextra/i4/2152833763/O1CN01xFtF6K1dfVPJ2BYbo_!!2152833763.jpg, https://img.alicdn.com/imgextra/i1/2152833763/O1CN01T7F3mc1dfVPHSIFj8_!!2152833763.jpg, https://img.alicdn.com/imgextra/i3/2152833763/O1CN01BwpmCE1dfVPK4Za7o_!!2152833763.jpg, https://img.alicdn.com/imgextra/i3/2152833763/O1CN01G9NRIb1dfVPJJORLS_!!2152833763.jpg, https://img.alicdn.com/imgextra/i4/2152833763/O1CN01v325BJ1dfVPJjw3gT_!!2152833763.jpg",颜色分类,"2.3cm枪黑扣大红腰带 2501, 2.3cm枪黑扣枣红腰带 2501, 2.3cm枪黑扣黑色腰带 2501, 2.3cm枪黑扣咖色腰带 2501, 2.3cm炭黑扣大红腰带 2502, 2.3cm炭黑扣枣红腰带 2502, 2.3cm炭黑扣咖色腰带 2502, 2.3cm炭黑扣黑色腰带 2502, 2.3cm银色扣大红腰带 2503, 2.3cm银色扣枣红腰带 2503, 2.3cm银色扣黑色腰带 2503, 2.3cm银色扣咖色腰带 2503","https://gw.alicdn.com/bao/uploaded/i1/2152833763/O1CN01hH2Sld1dfVPKlw7Ev_!!2152833763.jpg, https://gw.alicdn.com/bao/uploaded/i2/2152833763/O1CN01BuechF1dfVPJ7utcc_!!2152833763.jpg, https://gw.alicdn.com/bao/uploaded/i2/2152833763/O1CN01JyetrD1dfVPK4L4oG_!!2152833763.jpg, https://gw.alicdn.com/bao/uploaded/i1/2152833763/O1CN01CclZkX1dfVPK3dynd_!!2152833763.jpg, https://gw.alicdn.com/bao/uploaded/i3/2152833763/O1CN01bKld7J1dfVPK4jiPW_!!2152833763.jpg, https://gw.alicdn.com/bao/uploaded/i3/2152833763/O1CN0193QMff1dfVPKquCTR_!!2152833763.jpg, https://gw.alicdn.com/bao/uploaded/i4/2152833763/O1CN01wjBxY91dfVPKmwx8u_!!2152833763.jpg, https://gw.alicdn.com/bao/uploaded/i2/2152833763/O1CN01RmLnWm1dfVPKmzuBr_!!2152833763.jpg, https://gw.alicdn.com/bao/uploaded/i1/2152833763/O1CN018UK8GI1dfVPJJ5J51_!!2152833763.jpg, https://gw.alicdn.com/bao/uploaded/i1/2152833763/O1CN01fdd2Ht1dfVPK4HWSY_!!2152833763.jpg, https://gw.alicdn.com/bao/uploaded/i3/2152833763/O1CN01IBCXUU1dfVPKn9IwW_!!2152833763.jpg, https://gw.alicdn.com/bao/uploaded/i3/2152833763/O1CN01dNOSVK1dfVPK4yore_!!2152833763.jpg",尺码,"105cm, 110cm, 115cm, 120cm, 130cm",,,,,4.8,29.00
687823625266,2024新款正品CalvinKialvn皮带男士真皮平滑扣纯牛皮裤腰带男款潮,299.00,湖南 郴州,1万+,Calvin Kialvn,http://click.simba.taobao.com/cc_im?p=%C6%A4%B4%F8&s=1772287718&clk1=6d5c00012a0c4080143c7a85f57413bf&k=1689&e=YBSTkZlqBYxU%2Fu6hmggNg9TmD%2B6SB%2BjaDYv7cWoLsnMwRrWDPvyqrBEbGqF8jtLOC0DWOe%2BcPQm97lWtGJIrahesrrAJ%2BbHgOxStuSgDkqqNxnIZY4fkrx%2ByDVaFxzy3r00O33iyzBipKEab7uL2BGwVI3j%2FeiVQ5RiUgWe9nQRMb5AqMrVqv512q9rMfzIxojgciaDWyM5sLrjfmj162D66Jbx3P7wR8X0pTpO3bRzo4oOKsAWngODGklpaWPaQlA2o%2FW85CktGV%2FFFPsqYihqbHFMdteEssAHSmOlYDGOuDNz1izeEplpfWgWlptTz1YaG%2FJJbqKs5QO0D1tcc7%2F8Qi%2B7BvA8lne%2Bt0Br99MCviTr07%2FGGav%2FY8JcWRWJwaoN8YYqBaW2q%2FcQwjFBd0sT5N9PGi%2F1oUKDXwGeCXja0Fc53aALP%2FvEfGobJJ%2BVP1S%2FIoO9eILC0tueL1vPZcCHxMq0JBTcWHaI7mMhx%2BdjC1stjIyGuqqRqLqkCvvEdPfT5ao2ehjqv8qd4umYGFdJ8qMWPz5XT40lUzYxfFtvTWFtcXAp%2BQmFDkzNzuhEckSOoNqlx94W2gDwpSyGkgP5LOkDWcCfA6zklI%2B3aIpzXvTSxsJYarEbU6ieUuor2TNcdPDvcMtJeXCkCbZpQdMHhMIqmCpRPBKmoLuC7jUHgXlU1edTX59Q1%2BX2P395l9N%2BO%2FrSQheaqt0SUOemyGV%2B3IBuaL9nvji9PTB8abgvwFzMMelSepzluPDbyUBm24lctUWjS6jrG%2FcVM2s7JaTuIvKU%2FqDvT8kC%2FSWhGWW7y2YCzn4LV2HDJXEU9GoVuD0xQJY6mmpNvrOhR7NUG6usBvFOKxyMrmyYFLcA3hHkQvDjucW1wpCB6abrq%2F9LHVZsMk1vcqHVRR2iUq8bhV5T6K41GlMZvcTHQvDBuR1v8PhKu3dKfem1yX0X4NcPQebu0tryw14%2FPQpuPwZymhLBPkiiNOOHvj6QM2%2FvUa0I8084Ccukunghc%2B7THgI9MKP1MmSKKxNACIdmu%2BjAMN22qWYnIwtTG8dSdvo1TIKNVOm8Q%2BrOWKJgImivG2DL00Qp6mudy4czDO14sx44qurSDY50NE4sZ8R8ahskn5U9aq4bVRWMk1uoOpEalpjh4Zt1az7xAEMb8%2BgBDLBWd7J4vl63iTpBuXapMXbgbag3H2QCLFDP6GF0BUULimerV56I6HfznWoGn1kfjqrfkoB7CMw0GDS%2FG61Sp7YXC0a0qCw5Vojk925NPo5fDikPJz9S6LYpUyIvcVI%2BQXV8MOTLNyEy5y3hnaLgjJSaGWkfP1LotilTIi%2B3H5DZljatMH7INVoXHPLfhYDg4QuSWh5NsN4MMGdWKcUnK1Iduhh0YEZQthvminUGBQ7%2BnK6Dph0kpFlHd2P8uTMJDgzeyrblr5dGS8YZ2UujekVZHjLDy7XNRJGis0rFYX9B6kRXDgvxI5OyqqRNhPZklBQO%2FIJRtR7w4S2ITHy6I7EJe5K0fSWxagai%2BVpVpX8b1dqJGB1n%2FcmFcVoAZvRJvHgKvDoARLoZA%2B%2BcSvhUP4szv8YafNGl6T3j7DTuIvKU%2FqDvTq8PMg1rhB7A5bjw28lAZtn24YTFdem%2FZfNfjVJWrHepfps2S3Q1PJQt%2FxPfqYpqUEp2klxHCdqaS7ihjTKqCEQ%3D%3D,https://img.alicdn.com/imgextra/i1/3165015137/O1CN01OIndXH1nonMlRBH4s_!!3165015137-0-alimamacc.jpg,False,"https://img.alicdn.com/imgextra/i4/3165015137/O1CN01kj0L9r1nonTALvDHp_!!3165015137.jpg, https://img.alicdn.com/imgextra/i1/3165015137/O1CN015COcFh1nonT4ld8hP_!!3165015137.jpg, https://img.alicdn.com/imgextra/i1/3165015137/O1CN01NNOAoT1nonT7xLYk3_!!3165015137.jpg, https://img.alicdn.com/imgextra/i2/3165015137/O1CN01f1jgfL1nonT4cLr6M_!!3165015137.jpg, https://img.alicdn.com/imgextra/i1/3165015137/O1CN01O7ACGv1nonT7xMENf_!!3165015137.jpg",颜色分类,"平滑扣款ck17601黑色【有孔款】 专柜正品, 平滑扣款ck17603黑色【有孔款】 专柜正品, 无牙扣款ck18711黑色【无孔款】 专柜正品, 无牙扣款ck18713黑色【无孔款】 专柜正品, 无牙扣款ck18715枪色【无孔款】 专柜正品, 无牙扣款ck18716枪色【无孔款】 专柜正品, 无牙扣款ck18717枪色【无孔款】 专柜正品, 无牙扣款ck18719黑色【无孔款】 专柜正品, 无牙扣款ck18720黑色【无孔款】 专柜正品, 无牙扣款ck18721枪色【无孔款】 专柜正品, 无牙扣款ck18726枪色【无孔款】 专柜正品, 无牙扣款ck18729枪色【无孔款】 专柜正品, 无牙扣款ck18723黑色【无孔款】 专柜正品","https://gw.alicdn.com/bao/uploaded/i4/3165015137/O1CN01j6PdMU1nonNODn5DM_!!3165015137.jpg, https://gw.alicdn.com/bao/uploaded/i3/3165015137/O1CN01QDnefX1nonNHavWav_!!3165015137.jpg, https://gw.alicdn.com/bao/uploaded/i1/3165015137/O1CN01QSxkZ11nonO8IdVzw_!!3165015137.jpg, https://gw.alicdn.com/bao/uploaded/i1/3165015137/O1CN01XPgDkn1nonNUFIRPv_!!3165015137.jpg, https://gw.alicdn.com/bao/uploaded/i3/3165015137/O1CN01pb8q7S1nonO4PGmFK_!!3165015137.jpg, https://gw.alicdn.com/bao/uploaded/i1/3165015137/O1CN01T1uHVM1nonOCb4oxD_!!3165015137.jpg, https://gw.alicdn.com/bao/uploaded/i3/3165015137/O1CN01pSRI731nonNV4uTGQ_!!3165015137.jpg, https://gw.alicdn.com/bao/uploaded/i1/3165015137/O1CN018bRgFV1nonNV4wLf8_!!3165015137.jpg, https://gw.alicdn.com/bao/uploaded/i1/3165015137/O1CN01QtQE361nonNNmHSxl_!!3165015137.jpg, https://gw.alicdn.com/bao/uploaded/i1/3165015137/O1CN01Pe4pue1nonNCq9zvz_!!3165015137.jpg, https://gw.alicdn.com/bao/uploaded/i2/3165015137/O1CN01nVUbE21nonNHb0tRo_!!3165015137.jpg, https://gw.alicdn.com/bao/uploaded/i4/3165015137/O1CN01RecimU1nonNV4wcPJ_!!3165015137.jpg, https://gw.alicdn.com/bao/uploaded/i3/3165015137/O1CN01iRr8G71nonO6ao7c4_!!3165015137.jpg",尺码,"105cm, 110cm, 115cm, 120cm, 125cm",,,,,4.8,299.00
699091300677,无印MUJ日本针扣帆布腰带男女士皮带学生青年裤带休闲商务布带,36.80,浙江 金华,1000+,日本进口无印艮品代购,http://click.simba.taobao.com/cc_im?p=%C6%A4%B4%F8&s=1772287718&clk1=6d5c00012a0c4080143c7a85f57413bf&k=1657&e=l1Pkb0lDm3hU%2Fu6hmggNg9TmD%2B6SB%2BjaDYv7cWoLsnMwRrWDPvyqrBEbGqF8jtLOC0DWOe%2BcPQk%2FfoVg%2BJeCVOw5eJ00g0y%2BtJynPj6FpG6NxnIZY4fkrx%2ByDVaFxzy3r00O33iyzBipKEab7uL2BGwVI3j%2FeiVQ5RiUgWe9nQRMb5AqMrVqv512q9rMfzIxojgciaDWyM5sLrjfmj162D66Jbx3P7wR8X0pTpO3bRzo4oOKsAWngODGklpaWPaQlA2o%2FW85CktGV%2FFFPsqYihqbHFMdteEssAHSmOlYDGOuDNz1izeEplpfWgWlptTz1YaG%2FJJbqKs5QO0D1tcc7%2F8Qi%2B7BvA8lne%2Bt0Br99MCviTr07%2FGGalRdu3l3IV%2F6PaPHrxko8z6rdf0rRdd5Rk3UzNtR2P0qMN4hQgaqUBn4C6vD3VIcjf4BtiwcgRY3LY2ZxuWaLPydjIvPsQvst6CHsVyz%2F0Hm6AUz7%2FXdMK6nbYbWLO4Oe9ukvi0CPcDnVJuRPELqSV0hbXjPker70BzJj4OH3TYk40lUzYxfFtsFWL7kekNBWby8wfzrN9StRHSmdSCnsBNApcFlivtIqmw1MP5mxq3Dvnbswqv0obr%2Bk7GSOcSvSJekIpbw8Nnw0WFcL1lxXuMYOGRH7qYu%2BQg2cGzJ51kRSX%2BtRwfYjKr2z73MsJYdE3Pi6aFCLr6fBD0m%2BqoFPjxrjs9Ov4Cwalairul0Z7f2BLDHgjFyivVyTdpJE2vwcaeno%2B1p1kQn10nDCeGAf1Lpu2K8B9360eIVMI0xhKui5%2FxWw%2FkhmzFAywBps%2By7GW%2Bs6FHs1Qbq6wG8U4rHIyubJgUtwDeEeRC8OO5xbXCkIHppuur%2F0sdVmwyTW9yodVFHaJSrxuFXlPorjUaUxm9xMdC8MG5HW%2Fw%2BEq7d0p96bXJfRfg1w9B5u7S2vLDXjzGn5thUPN%2BI%2B2jbMPlaEeKPpAzb%2B9RrQjzTzgJy6S6eCFz7tMeAj0wo%2FUyZIorE0AIh2a76MAw3bapZicjC1Mbx1J2%2BjVMgo1U6bxD6s5YoBJPQIRufUoQw0pso3%2F9QkindnkrE70F%2Fvjf%2B0bjUMF%2F%2BAbYsHIEWN%2BL2lESJT64JOUSr43bBOc8C6KVqDpK4HCdk9fCpCm13sfkBgvqY0AbOSe7J1Daa2uhKZ8a8zdvmb2w%2BQyvpzD2egiUAanx5WN4%2BleAA8V2C1iy7nX3WTuSEJTh5sr9c1E7Wf9Dt5wZHEFfSEDK6YdO8vMH86zfUrd3RrJfFbD54UMILAK9BOyjjHiqiBcZx0by8wfzrN9StZUpzpAOPTs9TnzfzVbx0FsmsN0Q%2Ftfn%2FLHz1WJbwTMUPfHCS%2Bzb31YSWEx1Daow3S66Xcz2eUUC8piOIPFrdb4SAqeI2hn1OGinRu5pa5Uzn%2Bm1ENOYonPn4tUF3vi5X6NkZxObnGJEXIm8KRsrf8HUcvc0DWDOlRsvwANKrs3J1U89F2w2%2FP%2FJUfieWsvvmPicl68lLDnRqCEoIEaMX3rXTBXLrH1DuZKvcU7cORb6%2FrNTCHIu7qy7FOiV0DSo5hlPCdk7N4dOUM5eGUONoGW8jFUL2VqzoqjK12yKWUlQVmjkOh4SkKneqNQEzUkpaUqP92t%2Bs519Dy2GFg8WZFA%3D%3D,http://g.search2.alicdn.com/img/i2/1247500025/O1CN01trjIpd1C3UrPGIFQC_!!0-saturn_solar.jpg,False,"https://img.alicdn.com/imgextra/i3/3521122335/O1CN01GgwtLm1T7TespRBeO_!!0-item_pic.jpg, https://img.alicdn.com/imgextra/i2/3521122335/O1CN01ZbOzjy1T7Tchtp7RR_!!3521122335.jpg, https://img.alicdn.com/imgextra/i1/3521122335/O1CN01hQYcqr1T7TcYvdqNX_!!3521122335.jpg, https://img.alicdn.com/imgextra/i2/3521122335/O1CN01TNmxbm1T7TcldRFI7_!!3521122335.jpg, https://img.alicdn.com/imgextra/i1/3521122335/O1CN01Q59XTp1T7TchtnmJv_!!3521122335.jpg",颜色分类,"黑条纹（升级版）, 黑色（升级版）, 黑色宽条纹（升级版）, 军绿条纹（升级版）, 卡其条纹（升级版）, 藏青条纹（升级版）, 浅灰色（升级版）, 蓝条纹（升级版）, 咖啡宽纹（升级版）, 红色（升级版）, 蓝白三色（升级版）, 黑红条纹（升级版）, 军绿色, 藏青色, 黑条纹, 卡其色, 卡其白条纹, 灰白条纹, 蓝白色, 咖啡色, 黑红色, 黑色","https://gw.alicdn.com/bao/uploaded/i1/3521122335/O1CN01NXd7td1T7TcdIsxJu_!!3521122335.jpg, https://gw.alicdn.com/bao/uploaded/i4/3521122335/O1CN01TSXrOu1T7TcjeihKp_!!3521122335.jpg, https://gw.alicdn.com/bao/uploaded/i1/3521122335/O1CN015siqux1T7TceodFsf_!!3521122335.jpg, https://gw.alicdn.com/bao/uploaded/i3/3521122335/O1CN01miYIs41T7Tchtlxyw_!!3521122335.jpg, https://gw.alicdn.com/bao/uploaded/i4/3521122335/O1CN01z9G8k11T7TcdECG9C_!!3521122335.jpg, https://gw.alicdn.com/bao/uploaded/i2/3521122335/O1CN01HdHl2v1T7TcgPUhEt_!!3521122335.jpg, https://gw.alicdn.com/bao/uploaded/i2/3521122335/O1CN01MqdyPb1T7TceoeWth_!!3521122335.jpg, https://gw.alicdn.com/bao/uploaded/i4/3521122335/O1CN01Qd3Sgx1T7TcdEDjdJ_!!3521122335.jpg, https://gw.alicdn.com/bao/uploaded/i1/3521122335/O1CN01tYVj0D1T7TcldRqf4_!!3521122335.jpg, https://gw.alicdn.com/bao/uploaded/i1/3521122335/O1CN01mQnU2K1T7TcdItDyV_!!3521122335.jpg, https://gw.alicdn.com/bao/uploaded/i3/3521122335/O1CN01IwBnoV1T7TciyuQxm_!!3521122335.jpg, https://gw.alicdn.com/bao/uploaded/i3/3521122335/O1CN01xNh1Tb1T7TchtnmGl_!!3521122335.jpg, https://gw.alicdn.com/bao/uploaded/i3/3521122335/O1CN01BbnR1Z1T7TchCnSwF_!!3521122335.jpg, https://gw.alicdn.com/bao/uploaded/i4/3521122335/O1CN01w6NgRX1T7Tcdomo0c_!!3521122335.jpg, https://gw.alicdn.com/bao/uploaded/i4/3521122335/O1CN017xZZSs1T7TcYveB79_!!3521122335.jpg, https://gw.alicdn.com/bao/uploaded/i4/3521122335/O1CN010vrSzg1T7TcaJ9qqO_!!3521122335.jpg, https://gw.alicdn.com/bao/uploaded/i4/3521122335/O1CN01212rih1T7TcUEMcvY_!!3521122335.jpg, https://gw.alicdn.com/bao/uploaded/i4/3521122335/O1CN01rc1pB81T7TciyudSc_!!3521122335.jpg, https://gw.alicdn.com/bao/uploaded/i1/3521122335/O1CN01QbbyT51T7TcgPUd6j_!!3521122335.jpg, https://gw.alicdn.com/bao/uploaded/i1/3521122335/O1CN016JZSsU1T7TcldS7Kz_!!3521122335.jpg, https://gw.alicdn.com/bao/uploaded/i4/3521122335/O1CN01nni7F71T7TcfDQdZt_!!3521122335.jpg, https://gw.alicdn.com/bao/uploaded/i4/3521122335/O1CN011ta2DI1T7TcdIvhsL_!!3521122335.jpg",尺码,"100cm, 110cm, 125cm",,,,,4.8,36.80
637951979396,CARLE KELLEN皮带男真皮无牙自动扣商务休闲男士腰带高档正品裤带,239.00,广东 广州,4000+,CARLEKELLEN旗舰店,http://click.simba.taobao.com/cc_im?p=%C6%A4%B4%F8&s=1772287718&clk1=6d5c00012a0c4080143c7a85f57413bf&k=1689&e=uRCFMgoJqPRU%2Fu6hmggNg9TmD%2B6SB%2BjaDYv7cWoLsnMwRrWDPvyqrBEbGqF8jtLOC0DWOe%2BcPQnmdSKUXRHOYP745mjX2W8U0Nkf7MsPs6SNxnIZY4fkrx%2ByDVaFxzy3r00O33iyzBipKEab7uL2BGwVI3j%2FeiVQ5RiUgWe9nQRMb5AqMrVqv512q9rMfzIxojgciaDWyM5sLrjfmj162D66Jbx3P7wR8X0pTpO3bRzo4oOKsAWngODGklpaWPaQlA2o%2FW85CktGV%2FFFPsqYihqbHFMdteEssAHSmOlYDGOuDNz1izeEplpfWgWlptTz1YaG%2FJJbqKs5QO0D1tcc7%2F8Qi%2B7BvA8lne%2Bt0Br99MCviTr07%2FGGarMFHtryTCdXjh0V8v30EivJtgOTNQ6uDcOLESXKEOqh6Ic%2FImaLojCnmMqkMQ5%2BObJtIcC%2FKlQXXUoV45ACws3WjcaxfC7PTF2Up4weBm5z4IbDKk9%2FNce0hK3A%2F0hcb27wzzTxCQ5JWvJlm7ssPtblCDRST2SlXhBGa1HQ1o4lp%2BiR2vtzh%2B%2BfWFQ3igVe5Zpsn3yW0AVzgyJ%2FrexeDa%2BSe2pZMgiwFxnmQqb5yIu06LbC9xak1UGISPq48x4uvkfb3kwS22Ye9jr4xMi6yXmH3ipzirYbn6B62JN5xbUTOlDlT2ER2ozN4ygbC%2Bfg9GoISggRoxfekh2cV9ICPOOEB5ka9Dj4lNDsdi5xgY%2FlSTQd8dKJ8jCHafvWwbkT7GzIxw23SYecNfLzFuECznbjeETOfg4mmDjJGgYODUoIvZNeXmWMJhPHRoC9yw0Q4tcq8s5H2WjYVYTdtQbx3jytnhaLf8cmjNyZBvOEyq8ArA8k6y7n4IO9abLKJ09siZ1%2BdeAobaS0fgaNaxF2bbbR5PE2VlvlTwnE4tLnmZj63gTSRLBZMLlfAaCR2LggejnafVQMPQTh8pIqPAo1lQKVHIJI3AW77HZ2tt1sk3jxkJewLbiQCm7fwfE%2FgO2sRZrF5XzV%2BdKxb6FCBI%2FGVf%2BnPyc5pV9e7%2B%2B4A9Mr%2BGw%2FYjSwUgktuTlWkSjYZxayIhli8IvDpVKOJAv666Yj01gi1WcfQyeAwMX5kNXcDy5a%2F5wv12VTRwVQp%2FdffZLbZUewOsuwnvra3lUC2LAz7EE%2BxaSlWugiDf5qmGkB%2FtVKzRztBicS5MQBxnJljWXWh75bxAP3Cywq%2BlL3SFo%2F9vEHf5JdCwGDs4d0FpwuezHVG8Bh%2F%2FVvzgAc4yK4%2FEMbUIe9MYyB1nFSgQR%2F%2BNvEoVlD38%2Fa8WZFhBzjIrj8QxtQ7%2FmD7dphZWx%2Fuwi8mHYGkxVlASLlwSEEQkO2d%2FZhY7xtolVmNY9i3VrPS4bqpCIxbK4lRdG6%2Bd6MyoslPmk2reFqWlrAf%2Fa6ufYaSgdM9Vy05HWytq2vxo2zKOUlr2Tx825loMysyrT9XipxN%2BN9y6chEXwqql%2Bpaz9SO1pnANJVmKWdUjV2UPVyv%2BpcaMkIf1m%2B8e3dUKZejSeEVL6Z8dvp3pzRqn7iGPcp%2B6f9s4EMa4fn4WKw1STDAl6dXvV3bMjHDbdJh5xGIzQ8Ytrb7oMif63sXg2vFGZYmhyHF27AkxmfJi9l5605PLBLFyALbs%2Ft3e1L2PsWQ%2BhZoITtaHeqNQEzUkpaUqP92t%2Bs519Dy2GFg8WZFA%3D%3D,http://g.search3.alicdn.com/img/i3/2208350277046/O1CN01Co86XZ21v7XXCXtLG_!!2208350277046-0-alimamacc.jpg,True,"https://img.alicdn.com/imgextra/i3/2208350277046/O1CN015LRDql21v7Vn3cM9k_!!0-item_pic.jpg, https://img.alicdn.com/imgextra/i2/2208350277046/O1CN017HiV1Z21v7Wvm1d2R_!!2208350277046.jpg, https://img.alicdn.com/imgextra/i3/2208350277046/O1CN01RoEYfI21v7XD6CC2H_!!2208350277046.jpg, https://img.alicdn.com/imgextra/i1/2208350277046/O1CN01YgDRek21v7X5Iw8qS_!!2208350277046.jpg, https://img.alicdn.com/imgextra/i1/2208350277046/O1CN01pIKNqC21v7X5LqXHb_!!2208350277046.jpg",颜色分类,"20040黑色, 20050黑色, 20042黑色【本命年腰带】, 20006亚黑, 20128黑色, 20032-枪色, 20105-黑色, 20122黑色, 20048-黑色, 20053枪色, 20068亚光, 20040-黑色【生日专属礼盒】, 20049黑色, 20040黑色实木礼盒, 20060黑色, 20006亚黑（平纹）, 20111枪色（平纹）, 20034-枪色（平纹）, 20040黑色+50001黑色, 20040黑色+50003黑色, 20040黑色+50004黑色","https://gw.alicdn.com/bao/uploaded/i4/2208350277046/O1CN01sOlDCr21v7YDOSVP2_!!2208350277046.jpg, https://gw.alicdn.com/bao/uploaded/i3/2208350277046/O1CN01WakIW321v7YKcnT57_!!2208350277046.jpg, https://gw.alicdn.com/bao/uploaded/i1/2208350277046/O1CN01aYsNDG21v7agsNMOl_!!2208350277046.jpg, https://gw.alicdn.com/bao/uploaded/i4/2208350277046/O1CN01kj8w4E21v7WkNgXwQ_!!2208350277046.jpg, https://gw.alicdn.com/bao/uploaded/i1/2208350277046/O1CN017CZ9T921v7bOYG3QH_!!2208350277046.jpg, https://gw.alicdn.com/bao/uploaded/i3/2208350277046/O1CN01Zr2tEg21v7WiTu8K0_!!2208350277046.jpg, https://gw.alicdn.com/bao/uploaded/i4/2208350277046/O1CN01WIJFoI21v7WilwBUQ_!!2208350277046.jpg, https://gw.alicdn.com/bao/uploaded/i2/2208350277046/O1CN01vGnJ4t21v7WtkbNji_!!2208350277046.jpg, https://gw.alicdn.com/bao/uploaded/i4/2208350277046/O1CN01GIubx721v7Wri1GnU_!!2208350277046.jpg, https://gw.alicdn.com/bao/uploaded/i1/2208350277046/O1CN01gF3e1421v7Wu9AQww_!!2208350277046.jpg, https://gw.alicdn.com/bao/uploaded/i2/2208350277046/O1CN01NLOEEu21v7Wu9DiqP_!!2208350277046.jpg, https://gw.alicdn.com/bao/uploaded/i1/2208350277046/O1CN01Je2SGF21v7X5tRyrQ_!!2208350277046.jpg, https://gw.alicdn.com/bao/uploaded/i1/2208350277046/O1CN01nNnJbB21v7YHEsVTg_!!2208350277046.jpg, https://gw.alicdn.com/bao/uploaded/i1/2208350277046/O1CN01sXwciG21v7YHC2CkY_!!2208350277046.jpg, https://gw.alicdn.com/bao/uploaded/i3/2208350277046/O1CN013jBpAf21v7Wt2hnAy_!!2208350277046.jpg, https://gw.alicdn.com/bao/uploaded/i1/2208350277046/O1CN01siQ6hy21v7YKdkwmq_!!2208350277046.jpg, https://gw.alicdn.com/bao/uploaded/i1/2208350277046/O1CN01wgKt7H21v7bPNSuri_!!2208350277046.jpg, https://gw.alicdn.com/bao/uploaded/i2/2208350277046/O1CN01L6qq4L21v7WrSXa0L_!!2208350277046.jpg, https://gw.alicdn.com/bao/uploaded/i4/2208350277046/O1CN01cvs24y21v7X8YVlTX_!!2208350277046.jpg, https://gw.alicdn.com/bao/uploaded/i3/2208350277046/O1CN01ptORid21v7X8YWASO_!!2208350277046.jpg, https://gw.alicdn.com/bao/uploaded/i4/2208350277046/O1CN018vduSM21v7YIPXMYV_!!2208350277046.jpg",尺码,"110cm, 115cm, 120cm, 125cm, 130cm",,,,,4.8,239.00
666593764843,JEEP吉普双环扣皮带男纯尼龙松紧微弹力青年时尚韩版潮男腰带裤带,199.00,广东 广州,6000+,jeep吉普星晓专卖店,http://click.simba.taobao.com/cc_im?p=%C6%A4%B4%F8&s=1772287718&clk1=6d5c00012a0c4080143c7a85f57413bf&k=1645&e=aHMZ5Hqo70RU%2Fu6hmggNg9TmD%2B6SB%2BjaDYv7cWoLsnMwRrWDPvyqrBEbGqF8jtLOC0DWOe%2BcPQl5rdPQ9GTMuRU8Y1aCsFih4tV2j7o2k5eNxnIZY4fkrx%2ByDVaFxzy3r00O33iyzBipKEab7uL2BGwVI3j%2FeiVQ5RiUgWe9nQRMb5AqMrVqv512q9rMfzIxojgciaDWyM5sLrjfmj162D66Jbx3P7wR8X0pTpO3bRzo4oOKsAWngODGklpaWPaQlA2o%2FW85CktGV%2FFFPsqYihqbHFMdteEssAHSmOlYDGOuDNz1izeEplpfWgWlptTz1YaG%2FJJbqKs5QO0D1tcc7%2F8Qi%2B7BvA8lne%2Bt0Br99MCviTr07%2FGGauRHjIKCEUm5Ek%2FXzszpbApv2asLSzbaXFN84FPD3TbsrOcWhDdXED9VsbqrKgjYIiAwEULnd3XbP4YKBUAAqONVsbqrKgjYIlV9TpLM%2BKkDN67SXWJgr3dZM9e9HxuUrnB%2Fjy8ZjO5ZNziTmVflFvmzcLHfdrtAnulFDV28hPMdBrmuCU82IYlW%2FpdqrrlM9NR8L%2BFB9HKYl3nzGH6swjvSuEoNRM7gog3L%2FZ7EIDS3GfMuNGoPr6xPvr%2Bn4NNZU0A%2F7%2BHpKMJl1SDwWZmmcSLlAHCUz7oNwEntPKlcE7icnoMRrObcNe0Cv1TP1PazKsQqn6wEpk3Jow1FaSZjHAzIa2rZFLDQNSqgrB5gg0MFFGZYmhyHF27VZkhHzzjR0UsFbm68N62laCexp%2BsebkYAY7lxq2iYvFQCPCNOYga%2FUatY0VFV3GPzTSptsqm9Nzxop%2B5rE2WBzbAuocFK%2BfvZVeZ%2FjrSZlDqQ69QQgXZkOGFGgkpSFvZJ3ipEM6%2F9fOAUOvis2ANI%2BjT8R5FHddmfpnJssPgsg7VUIDBwLt%2BQ%2FSoV7UehnTIHnMo9u06zl%2BvyAi4zzSiw0IRj6MsonK8v5VKxG4L0liv6HyHibmxKIYB9R2HDxHGaxeV81fnSsW%2BhQgSPxlX%2F%2FfZX3Cpyvqj0OFBw54o5uWM%2FW7qXkO3yZy71W8Sz%2B5zIYWZfzWL0qHlkPr9MP2YqLaPHIURudCWfmcLPWq4aox%2BfYu2ahgqLXibcfrsKjMJTOOmp%2BawqlHO1wibZtNNQyNJjV47EwEuiAPrYqugZEGfkFhGk6L4%2BW%2FXeDVW0Po7vqh1OPF4f7h0eiIWnhuhiy8zBDS9ALcEwyCPASHb4cBZmGB7E7%2FGQKqCsHmCDQwVVWN91dgO%2BPdUbrjm%2B29VsFQg7w1ptdu0qoKweYINDBWhwMEKz6PiSjEYQ6tQm0NUUdJxOPVyhdnqOFHnD0%2FyIRllyBLM9iuuNRLbdUdYiPDX7CHKMfVPjSQlwV02lKuXAwko%2BN86H5Llr5dGS8YZ2UujekVZHjLDy7XNRJGis0qI43RdBJvo2vC7bf32L4u6llwYbw4ljlTynovdw7rfWIVwW9s6Dte2LpO0EY8DAu9vtmI3T8rATR3XxxDgNhO0Wagp%2Fq7ie8EsFbm68N62lsIEjRtqIvY6MT027LR0eCVUnjHKfBpFX76BYqVICXEhdYHogqQV%2B20%2F0f2p8YuIyrmIiMIjQyaU5uV%2FN%2FtMfbt4%2BleAA8V2CLjxyNVY%2Fm24%3D,http://g.search3.alicdn.com/img/i3/1648970174/O1CN01qLYju01D9jeUcHWQK_!!0-saturn_solar.jpg,True,"https://img.alicdn.com/imgextra/i1/2209566698633/O1CN018i6CAb2DdxyFKMXPy_!!2209566698633.jpg, https://img.alicdn.com/imgextra/i3/2209566698633/O1CN015EYU9h2DdxyM7C8vA_!!2209566698633.jpg, https://img.alicdn.com/imgextra/i3/2209566698633/O1CN01nnIn2l2DdxyKEkZR6_!!2209566698633.jpg, https://img.alicdn.com/imgextra/i2/2209566698633/O1CN01qDurRc2Ddxy60Rd30_!!2209566698633.jpg, https://img.alicdn.com/imgextra/i3/2209566698633/O1CN01YveiJW2DdxyIa0NoF_!!2209566698633.jpg",颜色分类,"【专柜礼盒】尺码可以咨询客服哦, 【黑色】01款, 【草绿色】02款, 【灰色】03款, 【卡其色】04款, 【蓝色】05款, 【橘色】06款, 【银扣-黑色】07款, 【银扣-灰色】08款, 【银扣-卡其色】09款","https://gw.alicdn.com/bao/uploaded/i3/2209566698633/O1CN01R8yava2Ddy0r861nZ_!!2209566698633.jpg, https://gw.alicdn.com/bao/uploaded/i3/2209566698633/O1CN015EYU9h2DdxyM7C8vA_!!2209566698633.jpg, https://gw.alicdn.com/bao/uploaded/i4/2209566698633/O1CN01yRYdSv2DdxyFKMsCS_!!2209566698633.jpg, https://gw.alicdn.com/bao/uploaded/i1/2209566698633/O1CN01XIIjui2DdxzRQEemX_!!2209566698633.jpg, https://gw.alicdn.com/bao/uploaded/i1/2209566698633/O1CN018i6CAb2DdxyFKMXPy_!!2209566698633.jpg, https://gw.alicdn.com/bao/uploaded/i4/2209566698633/O1CN01eDa7ax2DdxyAodISQ_!!2209566698633.jpg, https://gw.alicdn.com/bao/uploaded/i3/2209566698633/O1CN015LyKwM2DdxyFyaRpt_!!2209566698633.jpg, https://gw.alicdn.com/bao/uploaded/i1/2209566698633/O1CN011OUf0i2DdxzFzTb3C_!!2209566698633.jpg, https://gw.alicdn.com/bao/uploaded/i3/2209566698633/O1CN01mYFmYN2DdxzKqkonN_!!2209566698633.jpg, https://gw.alicdn.com/bao/uploaded/i4/2209566698633/O1CN01c9zVyk2DdxzEF7aU8_!!2209566698633.jpg",尺码,"105cm, 110cm, 115cm, 120cm, 125cm, 130cm",,,,,4.8,199.00
831338448211,潮狼派战15男士弹力腰带户外经典运动战术裤腰带时尚休闲百搭透气,55.90,广东 深圳,100+,FADLANPAL潮狼派旗舰店,http://click.simba.taobao.com/cc_im?p=%C6%A4%B4%F8&s=1772287718&clk1=6d5c00012a0c4080143c7a85f57413bf&k=1785&e=es%2FJ3Le0SpxU%2Fu6hmggNg9TmD%2B6SB%2BjaDYv7cWoLsnMwRrWDPvyqrBEbGqF8jtLOC0DWOe%2BcPQmriA4r%2BEGvponbnNkEPfvpv1%2BQrUd8mpKNxnIZY4fkrx%2ByDVaFxzy3r00O33iyzBipKEab7uL2BGwVI3j%2FeiVQ5RiUgWe9nQRMb5AqMrVqv512q9rMfzIxojgciaDWyM5sLrjfmj162D66Jbx3P7wR8X0pTpO3bRzo4oOKsAWngODGklpaWPaQlA2o%2FW85CktGV%2FFFPsqYihqbHFMdteEssAHSmOlYDGOuDNz1izeEplpfWgWlptTz1YaG%2FJJbqKs5QO0D1tcc7%2F8Qi%2B7BvA8lne%2Bt0Br99MCviTr07%2FGGajObmmIPIlJ4muvS%2Bjw1c4%2FNk9W6SdR1A7vGOFqx3AXo8yP0rprlfgOv6Kmr2pszI%2Fiby%2B0cf2QX1bzrZysQZsaDNU7fxi42A15qCA2lUo%2FS0peBhKjQxTymZb5PQabUyiGQSY1%2Fja3eJThYqs9UsYQhbXjPker70L7qHO71a%2FEIanFM6dcLR%2Bka6RgzLF%2BsjL8yIkhwC1TRbpH0xejiqOiczJNyTIQWWKDxflJyI%2FXZGtJNgOJSQKS1sautsJ1XLGHbn5Ay31C1RU41ViBBfz5JwIS%2FCID%2BaogEoHMyIaZOKdaCU5H70zop%2BLjCUTPv8JVpX8b1dqJGB1n%2FcmFcVoAZvRJvHgKvDoARLoZA%2B%2BcSwWXbgD7o2EvQuRu39GLbPX9Ettjp%2FETrXv1DRCMqKQIXC3sZMX8pv9dJwwnhgH9S5JRF1k3zO6UfVbxZowSkhWMf%2Fv5iBTLkL7mM1FZyZlKoiIsqEUQhSgq6iZUoHNfN1yryzkfZaNhVhN21BvHePK2eFot%2FxyaM3JkG84TKrwCsDyTrLufgg71pssonT2yJnX514ChtpLR%2BBo1rEXZtttHk8TZWW%2BVPCcTi0ueZmPreBNJEsFkwuaBUFF4tCjB2s3oRM7ZCs1nykio8CjWVAi0ReWHB0HfZdna23WyTePHR11FbiacSwMNCb%2BAt%2BNBdL72%2B3bT6pP3V%2FqpdGNDgH0yClfV3HNNDdT0%2FGhM2ZUZExv8gF23JJ5aOFB6ZD4KFzZPVuknUdQOjroiB1%2Far37SJq%2BNSa6lZ6KogbSop%2FM%2BLwZJqUffb7R%2BfYu2ahgqLXibcfrsKjMKbGm50XB1s91LkHtV5wjK06HveFY0uUL7nojod%2FOdagafWR%2BOqt%2BSgHsIzDQYNL8brVKnthcLRra8nHhJK7kHKOf%2BJL1Fb%2B9emV5ZMQZ82ltlO4LvRB5jKj9aiaxlQTYplWkDHxfmvIt9ZW4Hma7Qmoi8okKHSAYL24WORNvr4LMvKd9gOHmx5wIPc%2B5z4EGmXCS4POLgVG93kjSLGIEu1y8p32A4ebHl9TlE%2BCl5n81f%2FgOLihXZTyOfr5hDbs0E5%2B%2B%2FuIYBtz%2FQOW0jJMWyb08sT1SCJRSurJnaCkehkBuAUOvis2ANIO9ydORWVfdp%2BG8YZuC9tcvz6AEMsFZ3shQ6aJH%2FYSZ7pesp4e%2FCgIBQFkvS5M355YmP6o%2BKF9aqEn9vRFqnKyp1vlS6xyEaz0mfoBnA%2Bh23gXlU1edTX59Q1%2BX2P395l9N%2BO%2FrSQheaqt0SUOemyGV%2B3IBuaL9nvDpAQJVNZoohyUTVB9PxawobFgWTg5ryTZEZD20bXV3uNO3b85kndJO6fYntJBvA27CJKMH%2BdRtR2Zjf%2FCzEnic2Xmuh2ft%2BAvlvEA%2FcLLCpiFCtlQ8hq%2BA%3D%3D,https://img.alicdn.com/bao/uploaded/i1/2217885120435/O1CN012GYGQO1F5HFHTxwUE_!!2217885120435.jpg,True,"https://img.alicdn.com/imgextra/i4/2217885120435/O1CN01TX7cN31F5HH9EmUfp_!!2217885120435.jpg, https://img.alicdn.com/imgextra/i1/2217885120435/O1CN01WouGrF1F5HH2REFgH_!!2217885120435.jpg, https://img.alicdn.com/imgextra/i3/2217885120435/O1CN01vbjIh81F5HHB1Ljld_!!2217885120435.jpg, https://img.alicdn.com/imgextra/i2/2217885120435/O1CN015VSMSk1F5HHD8cn5A_!!2217885120435.jpg, https://img.alicdn.com/imgextra/i3/2217885120435/O1CN011dQKG61F5HH9tRbGT_!!2217885120435.jpg",颜色分类,"战15黑色 【质保十年 用断换新】, 战15深灰色 【质保十年 用断换新】, 战15卡其色 【质保十年 用断换新】, 战15军绿色 【质保十年 用断换新】, 战22黑色 【质保十年 用断换新】, 战22灰色 【质保十年 用断换新】, 战22卡其色 【质保十年 用断换新】, 战22军绿色 【质保十年 用断换新】, 战23黑色 【质保十年 用断换新】, 战23深灰色 【质保十年 用断换新】, 战23卡其色 【质保十年 用断换新】, 战23军绿色 【质保十年 用断换新】","https://gw.alicdn.com/bao/uploaded/i1/2217885120435/O1CN01PRQefG1F5HH9u403k_!!2217885120435.jpg, https://gw.alicdn.com/bao/uploaded/i2/2217885120435/O1CN01SIAcPL1F5HH7yqov2_!!2217885120435.jpg, https://gw.alicdn.com/bao/uploaded/i4/2217885120435/O1CN01OVwrcD1F5HH7yqcRV_!!2217885120435.jpg, https://gw.alicdn.com/bao/uploaded/i2/2217885120435/O1CN01JKk1LV1F5HHBpjyjJ_!!2217885120435.jpg, https://gw.alicdn.com/bao/uploaded/i1/2217885120435/O1CN012GYGQO1F5HFHTxwUE_!!2217885120435.jpg, https://gw.alicdn.com/bao/uploaded/i3/2217885120435/O1CN01K3XMvW1F5HFIK6jXc_!!2217885120435.jpg, https://gw.alicdn.com/bao/uploaded/i2/2217885120435/O1CN01mtPwNY1F5HF7x0VdN_!!2217885120435.jpg, https://gw.alicdn.com/bao/uploaded/i2/2217885120435/O1CN013X3xXg1F5HFFMqHSV_!!2217885120435.jpg, https://gw.alicdn.com/bao/uploaded/i2/2217885120435/O1CN01EDmCfn1F5HFu24zL9_!!2217885120435.jpg, https://gw.alicdn.com/bao/uploaded/i4/2217885120435/O1CN01cxcAlI1F5HFqwgxQf_!!2217885120435.jpg, https://gw.alicdn.com/bao/uploaded/i2/2217885120435/O1CN01Cpgpkd1F5HFu24Jjo_!!2217885120435.jpg, https://gw.alicdn.com/bao/uploaded/i1/2217885120435/O1CN01Ewedpi1F5HFtqXvzt_!!2217885120435.jpg",尺码,120cm,,,,,4.8,55.90
849683110654,帆布腰带 男士皮带双环扣ins女裤腰带年轻人韩版工装青年学生军训,39.90,浙江 金华,29,哈尔滨冰雪大世界企业店,http://click.simba.taobao.com/cc_im?p=%C6%A4%B4%F8&s=1772287718&clk1=6d5c00012a0c4080143c7a85f57413bf&k=1697&e=7Zw2xKthbkVU%2Fu6hmggNg9TmD%2B6SB%2BjaDYv7cWoLsnMwRrWDPvyqrBEbGqF8jtLOC0DWOe%2BcPQl2fk27I0zezTcPS1u9LB7V78XudEBO4nlDm9xtWVH53h%2ByDVaFxzy3r00O33iyzBipKEab7uL2BGwVI3j%2FeiVQ5RiUgWe9nQRMb5AqMrVqv512q9rMfzIxojgciaDWyM5sLrjfmj162D66Jbx3P7wR8X0pTpO3bRzo4oOKsAWngODGklpaWPaQlA2o%2FW85CktGV%2FFFPsqYihqbHFMdteEssAHSmOlYDGOuDNz1izeEplpfWgWlptTz1YaG%2FJJbqKvSJ4rxH2k9sgjdOQRPQJCdne%2Bt0Br99MCviTr07%2FGGanNHZDPQasH1VtPZ7RiEHwo545XdnyBsjX5hvoKDtW58qXSQMmd%2BkdC1hSxY5VFyjZloZG%2FeWLN6G2fEKyIl3D%2Fv1aCdBA1mjI1SxbQsye8x25u3vY8RLgYGefSnZakRte8%2BNjHF5AdCgrx5D4NElo%2B372tOmtdatRBGa1HQ1o4lp%2BiR2vtzh%2B%2BfWFQ3igVe5Q3nb%2FW0TGSiPr9J6anlaXB2rdvEhFYDNKSdI8bxgIC5FNabihDEsq%2Bxu67dMLt58kHLQUYEzbZV1SDwWZmmcSI545XdnyBsjcU56aaZEaxRcPs%2BfvPHmPsQ5VldEsoNEFaCQbG3GoerMNNJkoEOldh5ZyGAKsug1tkddrFLXAtGvZB4WukJbu9cOdw7hqqzVkg2TXjXNlgpvU3H6vYjqGWiIT3iKgp4EqClXkkuE2lF7e5EWlp1mie3hmAHzdPi7UN6SCcqgxElPGin7msTZYHNsC6hwUr5%2B9lV5n%2BOtJmUOpDr1BCBdmQ4YUaCSlIW9kneKkQzr%2F184BQ6%2BKzYA0j6NPxHkUd12Z%2Bmcmyw%2BCyDtVQgMHAu35D9KhXtR6GdMuZmp%2FAuxFeglEBBSbfkKenQhGPoyyicr4jaxExM2Em8K%2FofIeJubEpwjA6Kj%2F2WJNa0Gp06JxG%2FACe2xxnq5WpMgpX1dxzTQ1tj3BwGgSknjPmNsSAhGR6lW1nJao8dybc037ONVRkbW%2FJYuTtL0hrQmK2Hh3q5BUWvdyjHJXfcLzD76u8w0Hf95U2Ns6jM0e4VWL1gmp8WL5APDi2oyld39S2%2BFlRzlr6vGBe0XuFzXBf%2BjPZpy4qe7k6lGPmG0%2BeiOh3851qBp9ZH46q35KAewjMNBg0vxutUqe2FwtGtKgsOVaI5PduiDelD%2FpxVsGX9Fhfo71jotnWgvibrF%2BYyzchMuct4Z9iJhARWs%2BwiZf0WF%2BjvWOgETNk1Sk3bbx%2ByDVaFxzy34WA4OELkloeTbDeDDBnVinFJytSHboYdGBGULYb5op1BgUO%2Fpyug6QSCgYVxp045CAc0s6LPLvAdOsRfVw9HnlCn9199kttlCSj7zFnU57NiIIH7iMyx%2BD4Zw%2BsMtX6B5CpkN%2F32nDt4DqdNhGJqvcC%2BDsHphvVfYQGdwNDWpFbvDXZ%2BOLFuqA0S1jsckniSPsndlIQVygLWS8%2BaBVCJ9y79LnenNkVxJEQkaDu4dDi9Tcfq9iOoZcs%2B7r1OpzAvKGUpDOHqtg3un2J7SQbwNnf1Lb4WVHOWF1RvsgeQsCL2GceaPMRExq5iIjCI0MmlOblfzf7TH27ePpXgAPFdgi48cjVWP5tu,http://g.search2.alicdn.com/img/i2/7025302497/O1CN01cs5tcC1UJfzO88Dd5_!!4611686018427386849-0-saturn_solar.jpg,False,"https://img.alicdn.com/imgextra/i3/2218660755197/O1CN01GL5aK91oGHMlGHgI9_!!2218660755197.jpg, https://img.alicdn.com/imgextra/i4/2218660755197/O1CN01wJVqOn1oGHMPTllGm_!!2218660755197.jpg, https://img.alicdn.com/imgextra/i3/2218660755197/O1CN01jfKEiP1oGHML8nKe8_!!2218660755197.jpg, https://img.alicdn.com/imgextra/i1/2218660755197/O1CN01NWqFD11oGHMO5qdDX_!!2218660755197.jpg, https://img.alicdn.com/imgextra/i1/2218660755197/O1CN01sViA3S1oGHMOp8jr4_!!2218660755197.jpg",颜色分类,"【德国精工】黑色款 立体编织透气柔韧, 【德国精工】白条纹 立体编织透气柔韧, 【德国精工】三色条纹 立体编织透气柔韧, 【德国精工】天蓝色 立体编织透气柔韧, 【德国精工】黑色花边  立体编织透气柔韧, 【德国精工】橙边条纹 立体编织透气柔韧","https://gw.alicdn.com/bao/uploaded/i2/2218660755197/O1CN01pRXpKL1oGHMqvZ5C8_!!2218660755197.jpg, https://gw.alicdn.com/bao/uploaded/i3/2218660755197/O1CN01l9JzIS1oGHMpJR0r4_!!2218660755197.jpg, https://gw.alicdn.com/bao/uploaded/i4/2218660755197/O1CN017OqZIH1oGHMr0I3tu_!!2218660755197.jpg, https://gw.alicdn.com/bao/uploaded/i1/2218660755197/O1CN01zmmGPj1oGHMrZ5pih_!!2218660755197.jpg, https://gw.alicdn.com/bao/uploaded/i4/2218660755197/O1CN01n3DjVp1oGHMomSABu_!!2218660755197.jpg, https://gw.alicdn.com/bao/uploaded/i4/2218660755197/O1CN015p8jGt1oGHMnQf5QO_!!2218660755197.jpg",尺码,"110cm, 130cm",,,,,4.5,39.90
846582912401,元素印花皮带帆布男款潮流机能自动扣设计感小众风裤腰带女年轻人,79.00,江苏 徐州,34,D WHITE,http://click.simba.taobao.com/cc_im?p=%C6%A4%B4%F8&s=1772287718&clk1=6d5c00012a0c4080143c7a85f57413bf&k=1657&e=5qoKrN8DZQNU%2Fu6hmggNg9TmD%2B6SB%2BjaDYv7cWoLsnMwRrWDPvyqrBEbGqF8jtLOC0DWOe%2BcPQn0kC5MbfN9nvqXXrfScd79qCkQ5%2FMQSZ6NxnIZY4fkrx%2ByDVaFxzy3r00O33iyzBipKEab7uL2BGwVI3j%2FeiVQ5RiUgWe9nQRMb5AqMrVqv512q9rMfzIxojgciaDWyM5sLrjfmj162D66Jbx3P7wR8X0pTpO3bRzo4oOKsAWngODGklpaWPaQlA2o%2FW85CktGV%2FFFPsqYihqbHFMdteEssAHSmOlYDGOuDNz1izeEplpfWgWlptTz1YaG%2FJJbqKs5QO0D1tcc7%2F8Qi%2B7BvA8lne%2Bt0Br99MCviTr07%2FGGauUXWH%2F5x8rXE3Zil0g2HmL7j0GDMk9BvuhIeCDSWvCYiCL8TVSyW6uGyP4qIjZDKIB6lbfiTe%2BOYjGMibxLhGC8DRTNnDw6w4bxI39UelycydTRVsy0tztNasDy8cjbZqvlo4%2FZIYfLoS9qstWDWuIhbXjPker70BzJj4OH3TYk40lUzYxfFtvK%2BsWjmNYIE2vLjsgcriMTmOX5TC4hvV9ApcFlivtIqshlAZCBrL%2F0MTiOyP4IyCvOoS0Rl0o4N2THBPArKtfn3OubGnvctxy%2FjZWOlzbHQx423UA7PZIrmaHw3RXZNPL9TvxadocgXQcSmNHmUoN3lze%2BHDfiIDFWd%2BGUbIouIQ%2Bj2pjxPqP%2F8E9Ercq%2FYCrGHkuwtsVs3NlfBF6eGm2j4XtSDmRG%2Frag3Be41kJ5%2F2hdumdo1K67fgu0H4ld%2BsJMzvwePlkf6YTQTQ6ppvEMKPPZI3rHNxYO6WlSzRIFDuz90h5tBTW24xSVi0a8RUCrIm2ia%2FKBcNoM3FvWWWlDsHZa5eB4b6qyjISt1nwr6H8lmvJMJoMVNkQTWox1iXXwNRjOn3ogLJxbP%2BIBw3sE9xEzRTVVDF6Un1Prnb8XZdNcG9RRZ%2BI1HM2X45Vg7ypQbWH2YSrLstjEcVJ0m1IILauoAZCYqQj0NhwBcI2rXd%2B0gasAtQoOneDdF95VHyCjbWxSV0K2cU%2BJx%2F7BHiXkTyfBXse3FnQC3SpSHg87J%2FwR8f%2BZ1%2FvJrc5aSAKM835S6N6RVkeMsEddix8MYPgGRZLZ5W6OSY7DoJXw9%2FktilqlZt7lPlRwyoCrEjQC6%2B4a%2Bj6DY8QHs0cct9VNIfdf5rXBi2QV7ISDzqZkLSbG4a5ppHsVGDU%2FlXc%2B7onKXsjwT0Styr9gKrIJYf3rNFjfBXEl65Y%2BOIzvdYKYHJ27KPBPRK3Kv2Aq8QbJUowU1AZDANlxTckWkS5sueJKWKKqAS7xvXnfmDY4vxfd85xUl8a%2F1Azw7fF7JvGLPqkIgnTToqcwQ8gCcYks5WVWdwMuCDlMAYtKnAGEgs7otsMLbevH1CwxgLqlBBtWXJAJ0L9%2Ff2pGFB5y7VSo1EUuEy5XpZ%2FQzjkc0so%2F50Cbn%2BdnTaYoD%2BDLxSa9MDNR0RiqJ80Ma4fn4WKw1aS%2FCAfdJ3%2FuZKM4kTf25q7qyYhbY75fmhu5j20YYcYrMoQfsac1TzLlfgQl8M9CG975aqW8DjxqTyfBXse3FnRcyasno6FTZ3eqNQEzUkpaUqP92t%2Bs519Dy2GFg8WZFA%3D%3D,http://g.search1.alicdn.com/img/i1/100912481/O1CN01yZVc8o1UCLdoDAxuq_!!0-saturn_solar.jpg,False,"https://img.alicdn.com/imgextra/i3/2205480719/O1CN01bkC4vg1HBLlxTSVFv_!!2205480719.jpg, https://img.alicdn.com/imgextra/i1/2205480719/O1CN01eSoMYe1HBLm0HQsBT_!!2205480719.jpg, https://img.alicdn.com/imgextra/i4/2205480719/O1CN016nUpzd1HBLlyDMfco_!!2205480719.jpg, https://img.alicdn.com/imgextra/i3/2205480719/O1CN01hQpDv91HBLlyTQshc_!!2205480719.jpg, https://img.alicdn.com/imgextra/i1/2205480719/O1CN013MdoQh1HBLm1yn0Bx_!!2205480719.jpg",颜色分类,"黑色 机能扣D067细纹, 深灰色 机能扣D067细纹, 米白色 机能扣D067粗纹","https://gw.alicdn.com/bao/uploaded/i2/2205480719/O1CN018S4Dbs1HBLlzjN9TJ_!!2205480719.jpg, https://gw.alicdn.com/bao/uploaded/i1/2205480719/O1CN01CRSH6s1HBLm1wwjrJ_!!2205480719.jpg, https://gw.alicdn.com/bao/uploaded/i1/2205480719/O1CN01K2cOcm1HBLm2dZcu1_!!2205480719.jpg",尺码,"110cm, 120cm, 130cm",,,,,4.8,79.00
800505349329,BWFA暗黑蛇蝶装饰腰带男2024新款小众简约百搭皮带女配牛仔裤腰带,24.90,浙江 金华,1000+,bwfa旗舰店,http://click.simba.taobao.com/cc_im?p=%C6%A4%B4%F8&s=1772287718&clk1=6d5c00012a0c4080143c7a85f57413bf&k=1665&e=nqp89p6aktlU%2Fu6hmggNg9TmD%2B6SB%2BjaDYv7cWoLsnMwRrWDPvyqrBEbGqF8jtLOC0DWOe%2BcPQnyfWLZWpkBHDPjUIa8lFy59EybFJH7fcONxnIZY4fkrx%2ByDVaFxzy3r00O33iyzBipKEab7uL2BGwVI3j%2FeiVQ5RiUgWe9nQRMb5AqMrVqv512q9rMfzIxojgciaDWyM5sLrjfmj162D66Jbx3P7wR8X0pTpO3bRzo4oOKsAWngODGklpaWPaQlA2o%2FW85CktGV%2FFFPsqYihqbHFMdteEssAHSmOlYDGOuDNz1izeEplpfWgWlptTz1YaG%2FJJbqKs5QO0D1tcc7%2F8Qi%2B7BvA8lne%2Bt0Br99MCviTr07%2FGGajHzA4qYofZq6sxw9U%2BABH7i5uMxFn37BIP%2FZSxu%2F2bOnsQdvWgz7%2BZH%2BR%2Fl2rZv%2BXEmJmWlNgpuk1C4jM4Ew8vJT1c6jFAeq9EcX4rMahAC2SpX0E0y1c7%2FmEICYvjYT9Nwj2q72n6E%2Bc1wGft4ijghbXjPker70BzJj4OH3TYk40lUzYxfFtuWcSDXyFHfkBmCJFre11%2F5%2FY7kWumCvJpApcFlivtIqlqlVC5setMiqZeCpMcx8FjyAzoSBIRm4ybRfKl976LxGQAX63CUYO3ZT4ltMTpZPq1PvHfziB7MSX%2BtRwfYjKr2z73MsJYdE2HuRZIEPgX604wNT0q9Qsdx90xJSkbvVwkf2%2FEo%2FiBEGYIkWt7XX%2Fk%2BJYgufX3zwp8M8FBcVuH1kWZ7FNtoKvQGCYPMgBZJWHoYhHJtGarmXMSPR4XgUMepc94hpDxm2pspTYEuhxvhsxxsaBbpQUupXNQILtBQE2QlYtEUUOxDmpZpQw%2Fglog1Fl3d%2FjFGU2eDz30UA94UcgaLnVAtxAbAbwxk3kTPIa%2BZRPA6Vy38dbQHPwvcksytFgVgbC9Z879SmWFw2gF%2BX7CZ2rASNx4%2FN1X0%2FUvepRkMegtqlh8d09ryy%2B2aH3kJVhVSqguOmWAAs2p1YRLrACe2xxnq5WoHm5%2FTyL%2BXvuxXC%2Fvr4ypDmgb2mysfZUdr8KqchBNg6y8%2FCfoG05XVo85HixDAmpfOBeSwewO%2FnAJVQqU5u7Jx%2F29y1gaZWOUG3RKsK17D1q3OWkgCjPN%2BUujekVZHjLCfOmmEdM3tN8PWFskwRRYfvg7g%2F5TLSMgBxnJljWXWh75bxAP3Cywq%2BlL3SFo%2F9vEHf5JdCwGDs4d0FpwuezHVG8Bh%2F%2FVvzgD7q6BIyGwS6l4m1cw8M7dYgQR%2F%2BNvEoVlD38%2Fa8WZFhPuroEjIbBLqnlgq%2FtIUbtx%2Fuwi8mHYGkxVlASLlwSEEQkO2d%2FZhY7xtolVmNY9i3VrPS4bqpCIxbK4lRdG6%2Bd6MyoslPmk2raIy1sCRfIdGpGz%2Frc7Rdky05HWytq2vxo2zKOUlr2Tx825loMysyrQJJjUOT1zZUee9E98VZ%2FaxL9gr2KSsbjhDlyCyHjcdhQcDqg3fsRZHJ5f8Dh68mWedeSxchuw4kD0LtDlLzziBocS5qelm%2FNFa6smlgqoiwtrbdS4JdlhGy1wC%2F6oamXg%2Fw660KfVyCdU0zlsqpimJm4GcWrEpHEsvPwn6BtOV1e2Un9HfmmVUzZea6HZ%2B34C%2BW8QD9wssKmIUK2VDyGr4,https://picasso.alicdn.com/imgextra/O1CNA1VqugCD1NKri0O3vHX_!!2212639711552-0-psf.jpg,True,"https://img.alicdn.com/imgextra/i1/2212639711552/O1CN01WOMWGj1NKreZE41e9_!!0-item_pic.jpg, https://img.alicdn.com/imgextra/i3/2212639711552/O1CN01F6E5fH1NKrec0YLXS_!!2212639711552.jpg, https://img.alicdn.com/imgextra/i2/2212639711552/O1CN01uwJBho1NKredxp0oD_!!2212639711552.jpg, https://img.alicdn.com/imgextra/i4/2212639711552/O1CN01so9ADa1NKreZD0yOv_!!2212639711552.jpg, https://img.alicdn.com/imgextra/i2/2212639711552/O1CN01TpOLDQ1NKredOzwen_!!2212639711552.jpg",颜色分类,【暗黑蛇蝶】皮带,https://gw.alicdn.com/bao/uploaded/i2/2212639711552/O1CN01D0vQBO1NKreevRmCj_!!2212639711552.jpg,,,,,,,4.7,24.90
538179047046,钱包男士长款拉链真皮手包卡包2024新款大容量牛皮钱夹男式皮夹子,568.00,广东 广州,1000+,法尼亚旗舰店,http://click.simba.taobao.com/cc_im?p=%C7%AE%B0%FC&s=1070947980&clk1=6d5c00012a0c4080143c7a85f57413bf&k=1665&e=gzD%2FHpbNXqmVllLERFTcBKyVbAuzLd6g554TfAccONHuSZfkjsj9vnv0RtLvXiODmX4zUH5CMylXn1bMRtbu934dzguWce9ikYS%2FdPT1QZF0e%2BFHQzfXsntdamDNVlFdNnYsixAUbyrN%2F2XnINEhQmzqlj8jhlfKk7il6CJUoTraCCdDyE%2F6baE7NSl%2BI6c2jLrMmlkGHa8%2Bs8XtvOnM9ct33s5vMf2aSiKBv%2BUkhcHyn5W5LBBqRJnKb4ogg1vTbfDyAfMwHeYWhXq1iOsWTBYi0STtzTLS5wfBYhRu3aZen%2FKNYvWyui%2F%2F3WwGiGGqKyMoQW3xUhk4s%2FgcJfvG6rbupyk%2FbY9yxCY5elZpBI8kzQRZe%2FgwF4%2B8qyk74gsyvgspvJm4AWQF%2FYPJKnOGlO2AeRUFjJIR5CtE5DyBXL2Fbrzg08CUDZPtBywbO8oJvQakvi1VCVXSzf%2BsLnlUquIDeoEWvucTLkaA8QfbXJct14XN9p7mITB6dA3OE0uWyknoIhlWULAqgzw6jkmPnx1SySpMgJIL0Y0hrUcjaSzLYFpaevlYWSOFOYpjQHj12QcTLM7IUpVBAtYyw54%2BfcjoNZVKVq%2BJrtQmYvavC0hQnFqIgOJKH5h3sJ1pm1CDOQLBxvps4aFmR0iOMWNcOP1c5TT9pWXYDpGbFc8uax3NFpj9kLRTNEDAPqjl5Si2AZy4ooUPB55IKtdXb%2F6TIAEOmVPy3dggrH%2BtIZSI6DVudL6yOGsoeyOpkN%2BA21LgJGElxFNrjKYU5boaDiRbvL9L3keLKe8nXV9uwwrcyoeQweguZDMVXsPAyeC3cryOPoSxRtATZGTtz5XLogM4kn0%2BY02FjkiDoefHC%2B4EufIC0UiWMn5x6gkHvZIiFU4VkB3c5oCDYeYcxgH4X%2FzDBifeYDS0s6DZdk9vuVeYmJFqa3CVAtqAnrVnXIee3mfZRPuQ4vEFmpgVgz8Paa%2F8GsCerEfP%2FwkNhItTN4rSBmHelR3L7MYtrgtnqFvAqgzrbSkeyYeqA1%2FDeM97txcVeKv58KyW9GaEAm2kQDpPKJ1yHCzYC7s53SOWZMs5ZqwWDjO3pfg%2FQyO6H66FYSzHD1HhJn6UxfdmAYdC2od8ZM%2BCGONINJ1jc%2FNb44ifkgLz2p8eX9ENyKr1cgUvR%2BXihTQUZZ%2FYIZlmIiy2utNX0MjwXOG3YTD3nvNC%2BCkdVWVcc1HuqokaRQZEALi%2FzlCNUsC3OS21y9ZJvKuEZQoPFakteoM1gZgs%2B52pFPLQSqWJ3HHFndppfoXGMX4RjGyThi16gzWBmCz7nakU8tBKpYkyQBfSqfGxSwK0lsiGEbf47raNEyh8G0qThn5xA3lJBddnlW0xSDGKCWwrf6zdx6NSU03WtBudU0swc7I2E%2Fm0yOmyeoIRiFEx5K9MKaoIPfJPZ4ZPxf599GXRvTA9ZsmTmCw7CE%2BtqQTwIjmg7bGydE6xa3s%2Bk1iO2ljL4Lan8rm3CNxbFrkPY7ENELNw64yPMkEMfNSPZ0A9fY6pwM%2BGcsaFC8qVoJp8wd45CMInkczYsfdU9lG%2F9ulwKtCZYJSv8D3680AcAbnQPK8T%2FjPvKYdUI%2FBYQrQAbMr8N1kjbFFz52Jes3XnI4cB1CepZGTt1Swt6j3TlwbZJ69Ju4bI,http://g.search2.alicdn.com/img/i2/46482809/O1CN01ZMrZ0j1WcZXMt81GZ_!!0-saturn_solar.jpg,True,"https://img.alicdn.com/imgextra/i3/1798685290/O1CN01Nua8U21ows5I1fsn1_!!1798685290.jpg, https://img.alicdn.com/imgextra/i3/1798685290/O1CN01EItgaK1owrgDnozv1_!!1798685290.jpg, https://img.alicdn.com/imgextra/i3/1798685290/TB2GQlmpbplpuFjSspiXXcdfFXa_!!1798685290.jpg, https://img.alicdn.com/imgextra/i2/1798685290/TB2cY5RAm8mpuFjSZFMXXaxpVXa_!!1798685290.jpg, https://img.alicdn.com/imgextra/i4/1798685290/TB2hJfjwgRkpuFjy1zeXXc.6FXa_!!1798685290.jpg",颜色分类,"平纹黑色（26卡位升级款）, 平纹咖啡色（26卡位升级款）, 荔枝纹黑色（26卡位升级款）, 荔枝纹咖啡色（26卡位升级款）, 平纹咖啡色(手机款）, 十字纹黑色（26卡位升级款）, 十字纹咖啡色（26卡位升级款）","https://gw.alicdn.com/bao/uploaded/i2/1798685290/TB2uOchngxlpuFjy0FoXXa.lXXa_!!1798685290.jpg, https://gw.alicdn.com/bao/uploaded/i2/1798685290/TB29yZEpItnpuFjSZFvXXbcTpXa_!!1798685290.jpg, https://gw.alicdn.com/bao/uploaded/i3/1798685290/TB2H74CazoIL1JjSZFyXXbFBpXa_!!1798685290.jpg, https://gw.alicdn.com/bao/uploaded/i2/1798685290/O1CN018wxlVf1owrl7EpWWn_!!1798685290.jpg, https://gw.alicdn.com/bao/uploaded/i4/1798685290/TB2cbW2n80kpuFjSsziXXa.oVXa_!!1798685290.jpg, https://gw.alicdn.com/bao/uploaded/i3/1798685290/O1CN01ELJzLU1owrlHAe808_!!1798685290.jpg, https://gw.alicdn.com/bao/uploaded/i4/1798685290/O1CN01SK2yvf1owrlKsacZB_!!1798685290.jpg",,,,,,,4.8,568.00
684644968587,PEDRO小牛皮钱包男士相片位商务多卡位短款钱包PM4-16500071,369.00,江苏 苏州,900+,PEDRO旗舰店,http://click.simba.taobao.com/cc_im?p=%C7%AE%B0%FC&s=1070947980&clk1=6d5c00012a0c4080143c7a85f57413bf&k=1709&e=W5%2BM7eV7eNqVllLERFTcBKyVbAuzLd6g554TfAccONHuSZfkjsj9vnv0RtLvXiODmX4zUH5CMyn3aVETIi6wJ50NSHF0vuwvxZWF1C73lRl0e%2BFHQzfXsntdamDNVlFdNnYsixAUbyrN%2F2XnINEhQmzqlj8jhlfKk7il6CJUoTraCCdDyE%2F6baE7NSl%2BI6c2jLrMmlkGHa8%2Bs8XtvOnM9ct33s5vMf2aSiKBv%2BUkhcHyn5W5LBBqRJnKb4ogg1vTbfDyAfMwHeYWhXq1iOsWTBYi0STtzTLS5wfBYhRu3aZen%2FKNYvWyui%2F%2F3WwGiGGqKyMoQW3xUhkDyxe54T83wnSQ39gX8WOBwSNfLzKW5lQTt%2BBoWC3po81LuTtTKcVfwSYMECcBjh67GLvPJAxApVTjkqrsnSk%2FF%2BfErwRpey%2FfXaUnDjPQazMx%2FRE8dGfRLz5FKprj9s8L0aifIhJK33TbRpNCL4L%2BnmKwDkkkTmmE7hUnE1uTN2IN3JuRPGKzKjDeG8S1uYkIfw1%2Byh7NEJ2pGLqt92w4T4sJlcMTbgNedly3%2B%2BR%2FsNGThmJxCZxAY%2F2s9Qo9%2FTyLGHApoILtLJ%2Bv47VGk%2B0YyUOcyYC1uxOIAnQtyGmuvLEwHCr%2FhVDuQpyozRHmBxVBZYeWpQfXxHp0HnflpQB1t7FWjPGt5zLLB%2BhDNeHE1kMjmVP0Plxin0w22XXodJe36ArofPwdwLL1xRZWfSaPgts%2FNJz72mjvi0cO2ZYxfvy4AoiuHon%2Bvx8PDIMMHpzcY%2BGaRts3Sif2qft958qhVF6CV6%2B9DXcSB7NvNIVuWGlA0ggLaCMWaGQks7RJE%2BAlywXft9YEJ%2FQgM6Vdlddv9zaB5qn00gZrEOBBG0wbK932dB39EQnmRi9f2nnmkpXdbG3%2FZEsmyp1cvi5g%2BYmLSKFUo5NxQyEwa7orkJQkrptY1gAKaE84n4QB9V0GnoGG6k4MA%2BN%2BLlsLcqVFywQJfkUKueHjP7ULQED3Z31PwVC2IPBbTHFfXISmG1euGn7SDTizNZV3rP7ytRXD%2Bc9IwvjD%2F2K25PihkvIWe21j1J5isA5JJE5phO4VJxNbkzdiDdybkTxisyow3hvEtbmJCH8NfsoezRDvS86Ckb2WJepk6I20mjkJBYUHytiwZ48x5K9MKaoIPaR%2Fp94iGmqDhJfIKvWowh13WiwWwjS6LawikQ%2FpQ%2FLMpEDI6WCEQfcVWQNhJElcYbor%2FsPVcvuNzMwCmbh6g0vCV5Nqu2qZP4DmstVh4LxEDJJKTuI%2BkYm%2FHw8MgwwenMmzm2uiLKVkjx4nmdm1KfoYJTGXJPNpUb8fDwyDDB6c%2B9YQqOTcwlvPUORraMbSzCyJ0Nsr794V3G8nOXvUuwk62Nohiw8%2F7THxTwSAuRHhIYbcmlNsOfSnTgBSOys1Uh9lzxAIWbev0szlfCzTIqHanx5f0Q3IqjkY7iZ4CvTF3Ur%2BRC4fNXOQzHbvR5fyShOGBe1mac%2FVOU9LL%2FHiVgPTSWOCLdZsFA6RmxXPLmsdzRaY%2FZC0UzRAwD6o5eUotgGcuKKFDweeSCrXV2%2F%2BkyABDplT8t3YIKx%2FrSGUiOg17Kq05TS6ZV6LGHApoILtLL7hnAbT16wRvbGwh%2FxBokPbOrKncrm%2Fn%2BZK%2FUa8QufkmlHxLCi0I5LIHIzEy4Dr5RgDxVU57ElRfzWV4GM4w6s%3D,http://g.search1.alicdn.com/img/i1/129875024/O1CN01ZZ6e6P1mz2qiniESb_!!4611686018427386960-0-saturn_solar.jpg,True,"https://img.alicdn.com/imgextra/i4/3586222517/O1CN01uzSia71USpumkw55P_!!4611686018427382197-0-item_pic.jpg, https://img.alicdn.com/imgextra/i4/3586222517/O1CN01a2FZKo1USpuk0g8K1_!!3586222517.jpg, https://img.alicdn.com/imgextra/i2/3586222517/O1CN01zZYbEH1USpsgj0Dwl_!!3586222517.jpg, https://img.alicdn.com/imgextra/i4/3586222517/O1CN01rbHMLg1USpsfiy9ZM_!!3586222517.jpg, https://img.alicdn.com/imgextra/i2/3586222517/O1CN01gffGOk1USpsgVU339_!!3586222517.jpg",颜色分类,"棕色（有相片位）, 黑色（有相片位）, 藏青色（有相片位）","https://gw.alicdn.com/bao/uploaded/i2/3586222517/O1CN01TP15E81USpshpQFbf_!!3586222517.jpg, https://gw.alicdn.com/bao/uploaded/i1/3586222517/O1CN01x1fUPo1USpsWywrEs_!!3586222517.jpg, https://gw.alicdn.com/bao/uploaded/i3/3586222517/O1CN016KGrRq1USpscEdTMr_!!3586222517.jpg",,,,,,,4.8,369.00
797773786345,HAPPY原创可爱FBI小黑猫抽拉卡包PU皮多卡位通勤门禁证件收纳套,88.00,江苏 淮安,700+,HAPPY收纳机,http://click.simba.taobao.com/cc_im?p=%C7%AE%B0%FC&s=1070947980&clk1=6d5c00012a0c4080143c7a85f57413bf&k=1677&e=jzR4zpEMJVWVllLERFTcBKyVbAuzLd6g554TfAccONHuSZfkjsj9vnv0RtLvXiODmX4zUH5CMynsmzpT28U2FqvjB%2FxRZdK31SHeu5xFoQj%2BDlFCrw3CXntdamDNVlFdNnYsixAUbyrN%2F2XnINEhQmzqlj8jhlfKk7il6CJUoTraCCdDyE%2F6baE7NSl%2BI6c2jLrMmlkGHa8%2Bs8XtvOnM9ct33s5vMf2aSiKBv%2BUkhcHyn5W5LBBqRJnKb4ogg1vTbfDyAfMwHeYWhXq1iOsWTBYi0STtzTLS5wfBYhRu3aZen%2FKNYvWyui%2F%2F3WwGiGGqKyMoQW3xUhm5qYPVjWD06p%2BGvtcun0RXq%2B7ot8bELB0IgVPl05LKreNx9IXO45F7Bzs03lOrUT1Oy3J34zQwR1LmM%2FIHSImRdcZWPbxQj3iMa91uxEYZ2m5pPBhE1jezQ9%2FBnUTlur2HmmlSJilnaw6h%2BL7335Pp%2Fa%2F%2B%2FUHvCrdSebmacKxTYIxM5ZGT0IjW26q%2Bg9KP%2B44ILQiRWn4MVApJjXeZz3W449mAIR0gSx4DJzhwQo6eCLbEoqbCRvYuFAMghTZG5wYESWovGP18OM%2FH%2FsqCATy8%2FtwtXMI2SlqJ11iDjQHpfHs6hLf4W%2FstQG4XDb2MtpNGXCj8Pf8Y%2B9DJ7N5q4RJbNcRa0%2FEZcQ%2F6vzkNUoBKQ7yH%2Bme11dQU9jrY6V2aqgeGy7YDTr4go4lNR91rXeDy%2FsQBN4G4N%2FCiaea08pWC5nbdBX%2BVFgUTdhD6AqnMN7VWFR4XFD%2FJDm1HVzTHFkyOg5Nkyt9Apco6n3aRhb6vjqaJCwhlTxgHj5HH7i507BDuT0kKXGb20%2F0gZYEcSgQpbXs1%2FMkGoI4Qdj59xGNpjmjUddeWheV9YXOjurTvkTuOQRUcmtiJSTJ4%2BupB4gE39hA4mfCUBogw75Ah8XHHJfyr2G5CcMcWDnwNV4F6HnZgpzylkSABk7tIL3z0JBsF%2FWnbEvh%2BQJqW5qRC7G4GoFpCmctHEeFeTK8%2FEcEpr9rwNMhipas6lzL3%2FP%2FTL2um9gHYAiRuDTbg7WBE8Tt25W1GFGhwa4TzUnm5mnCsU2CMTOWRk9CI1tuqvoPSj%2FuOCC0IkVp%2BDFQKSY13mc91uEGf2uFjBY7nDQ9fdSr7QW%2BhCaER1nhJDAxAtdHIATVuMIwKgpfvGeTeq2qyGcKSUQspunvOfNKjFVkDYSRJXGG6K%2F7D1XL7jczMApm4eoNLwleTartqmT%2BA5rLVYeC8RAySSk7iPpGJcN032LsZAnzDKYeq65HWKo8eJ5nZtSn6GCUxlyTzaVFw3TfYuxkCfIuts3mrvdsZz1Dka2jG0swsidDbK%2B%2FeFdxvJzl71LsJOtjaIYsPP%2B0x8U8EgLkR4SGG3JpTbDn0NnoTT8mMWWNWHtI1chqbRdIEhdz8IikpDEC10cgBNW4ZIoRDbBRvzkXtGpNLXn9Q89uLPPZe09I6avITTXt%2FfC%2FW24uGnBWrZGF9bQSys9XLvMJDvq5u13TOn7ZAxtlxOewCrIGDGv8lMQKUyFilDzHLxW8ymvAnj%2F%2FuT8%2FPgDdi%2Bio2OkhRMhpGc9stFBh7VhUeFxQ%2FyQ4WDngT70Pva25pPBhE1jez2N94Yb4GnO8PaeAxjGPxrror%2FsPVcvuNq42OkQyKXyg%3D,http://g.search2.alicdn.com/img/i2/379450112/O1CN019joCTP1ChLJoADreg_!!0-saturn_solar.jpg,False,"https://img.alicdn.com/imgextra/i4/13765793/O1CN01Nn64i61sfFMt44dD3_!!13765793.jpg, https://img.alicdn.com/imgextra/i1/13765793/O1CN01VJi4Jc1sfFMoYqmVE_!!13765793.jpg, https://img.alicdn.com/imgextra/i4/13765793/O1CN0127kBsh1sfFMoTVPXh_!!13765793.jpg, https://img.alicdn.com/imgextra/i2/13765793/O1CN01CaZHUJ1sfFMq5nXgX_!!13765793.jpg, https://img.alicdn.com/imgextra/i4/13765793/O1CN01XVL0491sfFMmy8jkg_!!13765793.jpg",颜色分类,"FBI小黑猫抽拉卡包+黑猫挂件, FBI小黑猫抽拉卡包+黑弹簧绳+黑猫挂件+便便, FBI小黑猫抽拉卡包+挂绳脖/黑白+黑猫挂件+便便【送黑弹簧绳】, FBI小黑猫抽拉卡包+挂绳脖/黑棕+黑猫挂件+便便【送黑弹簧绳】","https://gw.alicdn.com/bao/uploaded/i4/13765793/O1CN01Xt21cZ1sfFMmxsYj8_!!13765793.jpg, https://gw.alicdn.com/bao/uploaded/i1/13765793/O1CN01HZeV2z1sfFMpJFUzP_!!13765793.jpg, https://gw.alicdn.com/bao/uploaded/i1/13765793/O1CN019LHTBo1sfFMpJHJG2_!!13765793.jpg, https://gw.alicdn.com/bao/uploaded/i4/13765793/O1CN01oJQhTG1sfFMmbCQVD_!!13765793.jpg",,,,,,,4.8,88.00
834026157164,真皮皮尔卡丹钱包男士短款时尚百搭男款钱夹头层牛皮商务皮夹,350.00,广东 广州,90,皮尔卡丹箱包官方旗舰店,http://click.simba.taobao.com/cc_im?p=%C7%AE%B0%FC&s=1070947980&clk1=6d5c00012a0c4080143c7a85f57413bf&k=1665&e=sWOWQ%2BQX8V%2BVllLERFTcBKyVbAuzLd6g554TfAccONHuSZfkjsj9vnv0RtLvXiODmX4zUH5CMylogExd4Z2TscWINXresxSgdbNsTRzoj6r%2BDlFCrw3CXntdamDNVlFdNnYsixAUbyrN%2F2XnINEhQmzqlj8jhlfKk7il6CJUoTraCCdDyE%2F6baE7NSl%2BI6c2jLrMmlkGHa8%2Bs8XtvOnM9ct33s5vMf2aSiKBv%2BUkhcHyn5W5LBBqRJnKb4ogg1vTbfDyAfMwHeYWhXq1iOsWTBYi0STtzTLS5wfBYhRu3aZen%2FKNYvWyui%2F%2F3WwGiGGqKyMoQW3xUhm5qYPVjWD06p%2BGvtcun0RXxCY5elZpBI8kzQRZe%2FgwF4%2B8qyk74gsy310nqIncSy7L0W3SyYpaHj%2F0%2FxDfUbwuvJevsEeQ4pqEZbJs9P0Yd3Lj%2Fgx%2F1JsXRSnl6076gYwVQbEKrmFMEP2UT1ss7jIstEAI8c813FOdxN%2BuMlD4C%2FTk69q1OsU%2Bj1%2FOSn5x8wriLRfdp68m8B1SySpMgJIL0Y0hrUcjaSzLYFpaevlYWSOFOYpjQHj1GAsxMkbCp%2BOuUO%2BuzJoEVcjoNZVKVq%2BJABjgNkbc6PAcDBAHTL4Ve33UAZ0ga497VMGRCEisBQfY9X%2F58AQa7JML0EPwysesL1s90btMKORjsQ0Qs3DrjI8yQQx81I9nQD19jqnAz4ZyxoULypWgmnzB3jkIwieRzNix91T2Ub9xHUpDgC%2Fb8RLpmi9vjP4sN03QcxjNse7tilgGFxK06J1vMY5yqN34ze3IJgA0P3yuhNmsra%2BmNeP5f4vPe9ay4s%2FZledcKoTpv9%2BG1cokQTX5decY9OgMLpe1cxh8pGxrtN86CTSDuZg9t6ORhjRR%2Bp68TvW20%2B3Bn2OkIdDiNw0ds%2FTodKFBp10Tj9aoHp%2FpL%2FsRaBh6QYOqhu2Tg%2BP%2B0dwgDhCUvQo2KC%2FsEUZPaFMPMpXu5HgmSa%2BO61rg3pKrC34CEsr9g5bG9Sf0CrxaCBkj3vvVohQnu4SMfWNTPc9vfa8cZnfdfFp5UvY32PFlp4BdC8FagMsvDpWITc6ZhGWybPT9GHcr56loCGJdDBWL86uLaF8hPMnLiSy126rjh4X7UXWd4oQiAHl7V0RZMeSvTCmqCD2kf6feIhpqg5vZxEBAbpcc3beIBp3Twxow1%2FKkmWHOoyOHAdQnqWRk7dUsLeo905fpa9trY9FeUpSvtQuE66kiwBDYxfCY4wKLiUcVcOzvhLYgIn4tsaqcx9w5rDDnRnTB4T3L6rKa08ww5f7Ak1Z%2FtiAifi2xqpxRXnMwqKVQnMu9hu%2Bt04Jwx5ZD5FOl2nbP9tARmDWLiOWMBkXHueSjsYs32Z9g73wlzE7Sl80QKTerHudVem8tLtQYtf31jM7%2BiE%2BD%2B8NW7wkcD0E%2BQDkN8Fs%2BQ5BJlSzq1qn3PWvmz6fwEDI4LvlZXELm3QtUtYmtk541n4tnZxM2utmpFQtAVBMaqN353YupoxsrBp6eiMQyUgOKao%2F4%2BduduOODWsVQk7fAaNoYUC4JPO7PXTxtdflEjS19X9wBXZ3KjUYLXUr9XVylr5M1kF6485oouX92kBnk13aUuJpR8SwotCOSyByMxMuA6%2BUYA8VVOexJUX81leBjOMOr,http://g.search3.alicdn.com/img/i3/40186750/O1CN017CTIJl1zjYSZZ5RSc_!!4611686018427384702-0-saturn_solar.jpg,True,"https://img.alicdn.com/bao/uploaded/i4/1607844566/O1CN01XrD5FV1jbHSBJ3VPV_!!1607844566.jpg, https://img.alicdn.com/imgextra/i4/1607844566/O1CN01jF1gB71jbHQV1F0Ka_!!1607844566.jpg, https://img.alicdn.com/imgextra/i2/1607844566/O1CN01YjMNs21jbHQSIhQlR_!!1607844566.jpg, https://img.alicdn.com/imgextra/i1/1607844566/O1CN01ZbmANK1jbHQKvuurz_!!1607844566.jpg, https://img.alicdn.com/imgextra/i4/1607844566/O1CN01xobFba1jbHQV1F8du_!!1607844566.jpg",颜色分类,"时尚款_啡色_真皮_平纹_专柜礼盒, 时尚款_啡色_真皮_平纹_【生日套盒】, 时尚款_啡色_真皮_平纹_【送父亲套盒】, 时尚款_啡色_真皮_平纹_【爱心套盒】","https://gw.alicdn.com/bao/uploaded/i1/1607844566/O1CN015PTl7i1jbHQT1kugb_!!1607844566.jpg, https://gw.alicdn.com/bao/uploaded/i3/1607844566/O1CN01DUMwiD1jbHR3xwmUZ_!!1607844566.jpg, https://gw.alicdn.com/bao/uploaded/i2/1607844566/O1CN01QSCjgm1jbHR4Yxe8q_!!1607844566.jpg, https://gw.alicdn.com/bao/uploaded/i2/1607844566/O1CN01atiUmY1jbHSAKMZZy_!!1607844566.jpg",,,,,,,4.8,350.00
